state,fipsStateCode,region,incidentId,Fire,Flood,Severe Storm,Straight-Line Winds,Winter Storm,Hurricane,Tornado,Tropical Storm,Mud/Landslide,Snowstorm,Coastal Storm,Severe Ice Storm,Typhoon,Freezing,Drought,Fishing Losses,Other,Dam/Levee Break,Tropical Depression,year,month,day
OR,41,10,2024081001,1,0,0,0,0,0,0,0,0,0,0,0,0,0,0,0,0,0,0,2024,8,8
OR,41,10,2024080701,1,0,0,0,0,0,0,0,0,0,0,0,0,0,0,0,0,0,0,2024,8,4
OR,41,10,2024080301,1,0,0,0,0,0,0,0,0,0,0,0,0,0,0,0,0,0,0,2024,8,2
CA,6,9,2017041001,0,0,1,0,0,0,0,0,0,0,0,0,0,0,0,0,0,0,0,2017,2,8
AL,1,4,2015122301,0,0,1,0,0,0,0,0,0,0,0,0,0,0,0,0,0,0,0,2015,12,23
OR,41,10,2024072301,1,0,0,0,0,0,0,0,0,0,0,0,0,0,0,0,0,0,0,2024,7,21
OR,41,10,2024072202,1,0,0,0,0,0,0,0,0,0,0,0,0,0,0,0,0,0,0,2024,7,21
OR,41,10,2024072101,1,0,0,0,0,0,0,0,0,0,0,0,0,0,0,0,0,0,0,2024,7,20
OR,41,10,2024071901,1,0,0,0,0,0,0,0,0,0,0,0,0,0,0,0,0,0,0,2024,7,18
OR,41,10,2024071801,1,0,0,0,0,0,0,0,0,0,0,0,0,0,0,0,0,0,0,2024,7,17
MT,30,8,2024071301,1,0,0,0,0,0,0,0,0,0,0,0,0,0,0,0,0,0,0,2024,7,9
OR,41,10,2024071101,1,0,0,0,0,0,0,0,0,0,0,0,0,0,0,0,0,0,0,2024,7,10
OR,41,10,2024062601,1,0,0,0,0,0,0,0,0,0,0,0,0,0,0,0,0,0,0,2024,6,25
NM,35,6,2024052901,1,0,0,0,0,0,0,0,0,0,0,0,0,0,0,0,0,0,0,2024,5,16
OK,40,6,2024040801,1,0,0,0,0,0,0,0,0,0,0,0,0,0,0,0,0,0,0,2024,4,6
OK,40,6,2024022803,1,0,0,0,0,0,0,0,0,0,0,0,0,0,0,0,0,0,0,2024,2,27
TX,48,6,2024022802,1,0,0,0,0,0,0,0,0,0,0,0,0,0,0,0,0,0,0,2024,2,27
TX,48,6,2024022801,1,0,0,0,0,0,0,0,0,0,0,0,0,0,0,0,0,0,0,2024,2,27
LA,22,6,2023083101,1,0,0,0,0,0,0,0,0,0,0,0,0,0,0,0,0,0,0,2023,8,30
LA,22,6,2023082803,1,0,0,0,0,0,0,0,0,0,0,0,0,0,0,0,0,0,0,2023,8,26
LA,22,6,2023082802,1,0,0,0,0,0,0,0,0,0,0,0,0,0,0,0,0,0,0,2023,8,25
LA,22,6,2023082402,1,0,0,0,0,0,0,0,0,0,0,0,0,0,0,0,0,0,0,2023,8,23
WA,53,10,2023081903,1,0,0,0,0,0,0,0,0,0,0,0,0,0,0,0,0,0,0,2023,8,19
MT,30,8,2023081902,1,0,0,0,0,0,0,0,0,0,0,0,0,0,0,0,0,0,0,2023,8,18
WA,53,10,2023081901,1,0,0,0,0,0,0,0,0,0,0,0,0,0,0,0,0,0,0,2023,8,18
WA,53,10,2023073001,1,0,0,0,0,0,0,0,0,0,0,0,0,0,0,0,0,0,0,2023,7,29
WA,53,10,2023072301,1,0,0,0,0,0,0,0,0,0,0,0,0,0,0,0,0,0,0,2023,7,21
WA,53,10,2023071101,1,0,0,0,0,0,0,0,0,0,0,0,0,0,0,0,0,0,0,2023,7,10
WA,53,10,2023070501,1,0,0,0,0,0,0,0,0,0,0,0,0,0,0,0,0,0,0,2023,7,4
WA,53,10,2023070301,1,0,0,0,0,0,0,0,0,0,0,0,0,0,0,0,0,0,0,2023,7,2
AZ,4,9,2023062801,1,0,0,0,0,0,0,0,0,0,0,0,0,0,0,0,0,0,0,2023,6,27
NM,35,6,2023051101,1,0,0,0,0,0,0,0,0,0,0,0,0,0,0,0,0,0,0,2023,5,10
RI,44,1,2023041701,1,0,0,0,0,0,0,0,0,0,0,0,0,0,0,0,0,0,0,2023,4,14
KS,20,7,2023041301,1,0,0,0,0,0,0,0,0,0,0,0,0,0,0,0,0,0,0,2023,4,13
NE,31,7,2023041001,1,0,0,0,0,0,0,0,0,0,0,0,0,0,0,0,0,0,0,2023,4,8
NM,35,6,2023040304,1,0,0,0,0,0,0,0,0,0,0,0,0,0,0,0,0,0,0,2023,4,2
OK,40,6,2023040302,1,0,0,0,0,0,0,0,0,0,0,0,0,0,0,0,1,0,0,2023,3,31
OK,40,6,2023040303,1,0,0,0,0,0,0,0,0,0,0,0,0,0,0,0,0,0,0,2023,3,31
OK,40,6,2023040301,1,0,0,0,0,0,0,0,0,0,0,0,0,0,0,0,1,0,0,2023,3,31
OR,41,10,2023012701,1,0,0,0,0,0,0,0,0,0,0,0,0,0,0,0,0,0,0,2022,9,9
WA,53,10,2022101701,1,0,0,0,0,0,0,0,0,0,0,0,0,0,0,0,0,0,0,2022,10,16
WA,53,10,2022091102,1,0,0,0,0,0,0,0,0,0,0,0,0,0,0,0,0,0,0,2022,9,10
OR,41,10,2022091101,1,0,0,0,0,0,0,0,0,0,0,0,0,0,0,0,0,0,0,2022,9,10
CA,6,9,2022090901,1,0,0,0,0,0,0,0,0,0,0,0,0,0,0,0,0,0,0,2022,9,9
ID,16,10,2022090701,1,0,0,0,0,0,0,0,0,0,0,0,0,0,0,0,0,0,0,2022,9,5
CA,6,9,2022090601,1,0,0,0,0,0,0,0,0,0,0,0,0,0,0,0,0,0,0,2022,9,5
CA,6,9,2022090301,1,0,0,0,0,0,0,0,0,0,0,0,0,0,0,0,0,0,0,2022,9,2
ID,16,10,2022081901,1,0,0,0,0,0,0,0,0,0,0,0,0,0,0,0,0,0,0,2022,8,18
NV,32,9,2022081501,1,0,0,0,0,0,0,0,0,0,0,0,0,0,0,0,0,0,0,2022,8,14
WA,53,10,2022080501,1,0,0,0,0,0,0,0,0,0,0,0,0,0,0,0,0,0,0,2022,8,4
OR,41,10,2022080301,1,0,0,0,0,0,0,0,0,0,0,0,0,0,0,0,0,0,0,2022,8,2
CA,6,9,2022072301,1,0,0,0,0,0,0,0,0,0,0,0,0,0,0,0,0,0,0,2022,7,22
TX,48,6,2022072001,1,0,0,0,0,0,0,0,0,0,0,0,0,0,0,0,0,0,0,2022,7,18
TX,48,6,2022070801,1,0,0,0,0,0,0,0,0,0,0,0,0,0,0,0,0,0,0,2022,7,7
AZ,4,9,2022061301,1,0,0,0,0,0,0,0,0,0,0,0,0,0,0,0,0,0,0,2022,6,12
TX,48,6,2022051901,1,0,0,0,0,0,0,0,0,0,0,0,0,0,0,0,0,0,0,2022,5,18
CA,6,9,2022051201,1,0,0,0,0,0,0,0,0,0,0,0,0,0,0,0,0,0,0,2022,5,11
NM,35,6,2022050101,1,0,0,0,0,0,0,0,0,0,0,0,0,0,0,0,0,0,0,2022,4,20
NM,35,6,2022042901,1,0,0,0,0,0,0,0,0,0,0,0,0,0,0,0,0,0,0,2022,4,28
NE,31,7,2022042301,1,0,0,0,0,0,0,0,0,0,0,0,0,0,0,0,0,0,0,2022,4,22
AZ,4,9,2022042001,1,0,0,0,0,0,0,0,0,0,0,0,0,0,0,0,0,0,0,2022,4,18
AZ,4,9,2022041901,1,0,0,0,0,0,0,0,0,0,0,0,0,0,0,0,0,0,0,2022,4,19
NM,35,6,2022041303,1,0,0,0,0,0,0,0,0,0,0,0,0,0,0,0,0,0,0,2022,4,12
NM,35,6,2022041302,1,0,0,0,0,0,0,0,0,0,0,0,0,0,0,0,0,0,0,2022,4,12
NM,35,6,2022041301,1,0,0,0,0,0,0,0,0,0,0,0,0,0,0,0,0,0,0,2022,4,12
NM,35,6,2022041201,1,0,0,0,0,0,0,0,0,0,0,0,0,0,0,0,0,0,0,2022,4,11
TX,48,6,2022032101,1,0,0,0,0,0,0,0,0,0,0,0,0,0,0,0,0,0,0,2022,3,20
TX,48,6,2022031802,1,0,0,0,0,0,0,0,0,0,0,0,0,0,0,0,0,0,0,2022,3,17
TX,48,6,2022031801,1,0,0,0,0,0,0,0,0,0,0,0,0,0,0,0,0,0,0,2022,3,17
FL,12,4,2022030701,1,0,0,0,0,0,0,0,0,0,0,0,0,0,0,0,0,0,0,2022,3,4
KS,20,7,2022030601,1,0,0,0,0,0,0,0,0,0,0,0,0,0,0,0,0,0,0,2022,3,5
FL,12,4,2022030501,1,0,0,0,0,0,0,0,0,0,0,0,0,0,0,0,0,0,0,2022,3,4
CO,8,8,2021123101,1,0,0,0,0,0,0,0,0,0,0,0,0,0,0,0,0,0,0,2021,12,30
OK,40,6,2021121601,1,0,0,0,0,0,0,0,0,0,0,0,0,0,0,0,0,0,0,2021,12,15
TX,48,6,2021121301,1,0,0,0,0,0,0,0,0,0,0,0,0,0,0,0,0,0,0,2021,12,10
CA,6,9,2021101301,1,0,0,0,0,0,0,0,0,0,0,0,0,0,0,0,0,0,0,2021,10,12
SD,46,8,2021100401,1,0,0,0,0,0,0,0,0,0,0,0,0,0,0,0,0,0,0,2021,10,4
CA,6,9,2021092401,1,0,0,0,0,0,0,0,0,0,0,0,0,0,0,0,0,0,0,2021,9,23
CA,6,9,2021082501,1,0,0,0,0,0,0,0,0,0,0,0,0,0,0,0,0,0,0,2021,8,24
WA,53,10,2021082001,1,0,0,0,0,0,0,0,0,0,0,0,0,0,0,0,0,0,0,2021,8,19
WA,53,10,2021081802,1,0,0,0,0,0,0,0,0,0,0,0,0,0,0,0,0,0,0,2021,8,17
WA,53,10,2021081701,1,0,0,0,0,0,0,0,0,0,0,0,0,0,0,0,0,0,0,2021,8,16
WA,53,10,2021081602,1,0,0,0,0,0,0,0,0,0,0,0,0,0,0,0,0,0,0,2021,8,15
OR,41,10,2021081601,1,0,0,0,0,0,0,0,0,0,0,0,0,0,0,0,0,0,0,2021,8,15
UT,49,8,2021081501,1,0,0,0,0,0,0,0,0,0,0,0,0,0,0,0,0,0,0,2021,8,14
ID,16,10,2021081301,1,0,0,0,0,0,0,0,0,0,0,0,0,0,0,0,0,0,0,2021,8,12
MT,30,8,2021081002,1,0,0,0,0,0,0,0,0,0,0,0,0,0,0,0,0,0,0,2021,8,10
MT,30,8,2021072901,1,0,0,0,0,0,0,0,0,0,0,0,0,0,0,0,0,0,0,2021,7,28
NV,32,9,2021072301,1,0,0,0,0,0,0,0,0,0,0,0,0,0,0,0,0,0,0,2021,7,22
WA,53,10,2021072002,1,0,0,0,0,0,0,0,0,0,0,0,0,0,0,0,0,0,0,2021,7,19
MT,30,8,2021071701,1,0,0,0,0,0,0,0,0,0,0,0,0,0,0,0,0,0,0,2021,7,16
WA,53,10,2021071402,1,0,0,0,0,0,0,0,0,0,0,0,0,0,0,0,0,0,0,2021,7,13
WA,53,10,2021071401,1,0,0,0,0,0,0,0,0,0,0,0,0,0,0,0,0,0,0,2021,7,12
OR,41,10,2021071101,1,0,0,0,0,0,0,0,0,0,0,0,0,0,0,0,0,0,0,2021,7,10
WA,53,10,2021070601,1,0,0,0,0,0,0,0,0,0,0,0,0,0,0,0,0,0,0,2021,7,5
OR,41,10,2021063001,1,0,0,0,0,0,0,0,0,0,0,0,0,0,0,0,0,0,0,2021,6,29
CA,6,9,2021062901,1,0,0,0,0,0,0,0,0,0,0,0,0,0,0,0,0,0,0,2021,6,24
MT,30,8,2021061601,1,0,0,0,0,0,0,0,0,0,0,0,0,0,0,0,0,0,0,2021,6,15
UT,49,8,2021061101,1,0,0,0,0,0,0,0,0,0,0,0,0,0,0,0,0,0,0,2021,6,10
NV,32,9,2021061001,1,0,0,0,0,0,0,0,0,0,0,0,0,0,0,0,0,0,0,2021,6,9
AZ,4,9,2021060602,1,0,0,0,0,0,0,0,0,0,0,0,0,0,0,0,0,0,0,2021,6,6
UT,49,8,2021060601,1,0,0,0,0,0,0,0,0,0,0,0,0,0,0,0,0,0,0,2021,6,5
AZ,4,9,2021052801,1,0,0,0,0,0,0,0,0,0,0,0,0,0,0,0,0,0,0,2021,5,27
NM,35,6,2021042701,1,0,0,0,0,0,0,0,0,0,0,0,0,0,0,0,0,0,0,2021,4,26
AZ,4,9,2021040901,1,0,0,0,0,0,0,0,0,0,0,0,0,0,0,0,0,0,0,2021,4,8
SD,46,8,2021032901,1,0,0,0,0,0,0,0,0,0,0,0,0,0,0,0,0,0,0,2021,3,29
CA,6,9,2020120301,1,0,0,0,0,0,0,0,0,0,0,0,0,0,0,0,0,0,0,2020,12,3
NV,32,9,2020111801,1,0,0,0,0,0,0,0,0,0,0,0,0,0,0,0,0,0,0,2020,11,17
CA,6,9,2020102701,1,0,0,0,0,0,0,0,0,0,0,0,0,0,0,0,0,0,0,2020,10,26
CA,6,9,2020102602,1,0,0,0,0,0,0,0,0,0,0,0,0,0,0,0,0,0,0,2020,10,26
CO,8,8,2020101702,1,0,0,0,0,0,0,0,0,0,0,0,0,0,0,0,0,0,0,2020,10,17
CO,8,8,2020101701,1,0,0,0,0,0,0,0,0,0,0,0,0,0,0,0,0,0,0,2020,10,17
WY,56,8,2020092601,1,0,0,0,0,0,0,0,0,0,0,0,0,0,0,0,0,0,0,2020,9,25
CA,6,9,2020091402,1,0,0,0,0,0,0,0,0,0,0,0,0,0,0,0,0,0,0,2020,9,13
OR,41,10,2020091201,1,0,0,0,0,0,0,0,0,0,0,0,0,0,0,0,0,0,0,2020,9,12
OR,41,10,2020091103,1,0,0,0,0,0,0,0,0,0,0,0,0,0,0,0,0,0,0,2020,9,8
OR,41,10,2020091102,1,0,0,0,0,0,0,0,0,0,0,0,0,0,0,0,0,0,0,2020,9,8
OR,41,10,2020091101,1,0,0,0,0,0,0,0,0,0,0,0,0,0,0,0,0,0,0,2020,9,9
OR,41,10,2020091005,1,0,0,0,0,0,0,0,0,0,0,0,0,0,0,0,0,0,0,2020,9,8
OR,41,10,2020091002,1,0,0,0,0,0,0,0,0,0,0,0,0,0,0,0,0,0,0,2020,9,8
OR,41,10,2020091003,1,0,0,0,0,0,0,0,0,0,0,0,0,0,0,0,0,0,0,2020,9,8
OR,41,10,2020091001,1,0,0,0,0,0,0,0,0,0,0,0,0,0,0,0,0,0,0,2020,9,8
OR,41,10,2020090910,1,0,0,0,0,0,0,0,0,0,0,0,0,0,0,0,0,0,0,2020,9,8
OR,41,10,2020090906,1,0,0,0,0,0,0,0,0,0,0,0,0,0,0,0,0,0,0,2020,9,8
WA,53,10,2020090905,1,0,0,0,0,0,0,0,0,0,0,0,0,0,0,0,0,0,0,2020,9,8
WA,53,10,2020090904,1,0,0,0,0,0,0,0,0,0,0,0,0,0,0,0,0,0,0,2020,9,8
OR,41,10,2020090902,1,0,0,0,0,0,0,0,0,0,0,0,0,0,0,0,0,0,0,2020,9,8
OR,41,10,2020090901,1,0,0,0,0,0,0,0,0,0,0,0,0,0,0,0,0,0,0,2020,9,8
OR,41,10,2020090908,1,0,0,0,0,0,0,0,0,0,0,0,0,0,0,0,0,0,0,2020,9,7
WA,53,10,2020090804,1,0,0,0,0,0,0,0,0,0,0,0,0,0,0,0,0,0,0,2020,9,7
OR,41,10,2020090803,1,0,0,0,0,0,0,0,0,0,0,0,0,0,0,0,0,0,0,2020,9,7
UT,49,8,2020090801,1,0,0,0,0,0,0,0,0,0,0,0,0,0,0,0,0,0,0,2020,9,7
WA,53,10,2020090802,1,0,0,0,0,0,0,0,0,0,0,0,0,0,0,0,0,0,0,2020,9,7
WA,53,10,2020090704,1,0,0,0,0,0,0,0,0,0,0,0,0,0,0,0,0,0,0,2020,9,7
WY,56,8,2020090502,1,0,0,0,0,0,0,0,0,0,0,0,0,0,0,0,0,0,0,2020,9,5
MT,30,8,2020090501,1,0,0,0,0,0,0,0,0,0,0,0,0,0,0,0,0,0,0,2020,9,5
MT,30,8,2020090303,1,0,0,0,0,0,0,0,0,0,0,0,0,0,0,0,0,0,0,2020,9,3
MT,30,8,2020090302,1,0,0,0,0,0,0,0,0,0,0,0,0,0,0,0,0,0,0,2020,9,2
MT,30,8,2020090301,1,0,0,0,0,0,0,0,0,0,0,0,0,0,0,0,0,0,0,2020,9,2
WA,53,10,2020090101,1,0,0,0,0,0,0,0,0,0,0,0,0,0,0,0,0,0,0,2020,9,1
OR,41,10,2020082801,1,0,0,0,0,0,0,0,0,0,0,0,0,0,0,0,0,0,0,2020,8,17
AZ,4,9,2020082601,1,0,0,0,0,0,0,0,0,0,0,0,0,0,0,0,0,0,0,2020,8,17
WA,53,10,2020082101,1,0,0,0,0,0,0,0,0,0,0,0,0,0,0,0,0,0,0,2020,8,18
CO,8,8,2020081903,1,0,0,0,0,0,0,0,0,0,0,0,0,0,0,0,0,0,0,2020,8,19
CO,8,8,2020081902,1,0,0,0,0,0,0,0,0,0,0,0,0,0,0,0,0,0,0,2020,8,13
CA,6,9,2020081803,1,0,0,0,0,0,0,0,0,0,0,0,0,0,0,0,0,0,0,2020,8,18
WA,53,10,2020081801,1,0,0,0,0,0,0,0,0,0,0,0,0,0,0,0,0,0,0,2020,8,16
NV,32,9,2020081601,1,0,0,0,0,0,0,0,0,0,0,0,0,0,0,0,0,0,0,2020,8,15
OR,41,10,2020081301,1,0,0,0,0,0,0,0,0,0,0,0,0,0,0,0,0,0,0,2020,8,12
NV,32,9,2020080303,1,0,0,0,0,0,0,0,0,0,0,0,0,0,0,0,0,0,0,2020,8,2
CA,6,9,2020080302,1,0,0,0,0,0,0,0,0,0,0,0,0,0,0,0,0,0,0,2020,8,2
MT,30,8,2020080301,1,0,0,0,0,0,0,0,0,0,0,0,0,0,0,0,0,0,0,2020,8,2
WA,53,10,2020072801,1,0,0,0,0,0,0,0,0,0,0,0,0,0,0,0,0,0,0,2020,7,27
NV,32,9,2020072201,1,0,0,0,0,0,0,0,0,0,0,0,0,0,0,0,0,0,0,2020,7,21
UT,49,8,2020071401,1,0,0,0,0,0,0,0,0,0,0,0,0,0,0,0,0,0,0,2020,7,13
WA,53,10,2020071202,1,0,0,0,0,0,0,0,0,0,0,0,0,0,0,0,0,0,0,2020,7,11
NV,32,9,2020070701,1,0,0,0,0,0,0,0,0,0,0,0,0,0,0,0,0,0,0,2020,7,6
UT,49,8,2020062901,1,0,0,0,0,0,0,0,0,0,0,0,0,0,0,0,0,0,0,2020,6,28
UT,49,8,2020062902,1,0,0,0,0,0,0,0,0,0,0,0,0,0,0,0,0,0,0,2020,6,28
NV,32,9,2020062801,1,0,0,0,0,0,0,0,0,0,0,0,0,0,0,0,0,0,0,2020,6,27
AZ,4,9,2020062001,1,0,0,0,0,0,0,0,0,0,0,0,0,0,0,0,0,0,0,2020,6,20
AZ,4,9,2020051802,1,0,0,0,0,0,0,0,0,0,0,0,0,0,0,0,0,0,0,2020,5,17
FL,12,4,2020051401,1,0,0,0,0,0,0,0,0,0,0,0,0,0,0,0,0,0,0,2020,5,13
FL,12,4,2020050702,1,0,0,0,0,0,0,0,0,0,0,0,0,0,0,0,0,0,0,2020,5,6
FL,12,4,2020050701,1,0,0,0,0,0,0,0,0,0,0,0,0,0,0,0,0,0,0,2020,5,6
OK,40,6,2020030903,1,0,0,0,0,0,0,0,0,0,0,0,0,0,0,0,0,0,0,2020,3,7
OK,40,6,2019112701,1,0,0,0,0,0,0,0,0,0,0,0,0,0,0,0,0,0,0,2019,11,26
CA,6,9,2019112601,1,0,0,0,0,0,0,0,0,0,0,0,0,0,0,0,0,0,0,2019,11,25
CA,6,9,2019110103,1,0,0,0,0,0,0,0,0,0,0,0,0,0,0,0,0,0,0,2019,11,1
CA,6,9,2019103102,1,0,0,0,0,0,0,0,0,0,0,0,0,0,0,0,0,0,0,2019,10,31
CA,6,9,2019103101,1,0,0,0,0,0,0,0,0,0,0,0,0,0,0,0,0,0,0,2019,10,31
CA,6,9,2019103002,1,0,0,0,0,0,0,0,0,0,0,0,0,0,0,0,0,0,0,2019,10,30
CA,6,9,2019103001,1,0,0,0,0,0,0,0,0,0,0,0,0,0,0,0,0,0,0,2019,10,30
CA,6,9,2019102802,1,0,0,0,0,0,0,0,0,0,0,0,0,0,0,0,0,0,0,2019,10,28
CA,6,9,2019102501,1,0,0,0,0,0,0,0,0,0,0,0,0,0,0,0,0,0,0,2019,10,24
CA,6,9,2019102401,1,0,0,0,0,0,0,0,0,0,0,0,0,0,0,0,0,0,0,2019,10,24
CA,6,9,2019101101,1,0,0,0,0,0,0,0,0,0,0,0,0,0,0,0,0,0,0,2019,10,10
UT,49,8,2019083001,1,0,0,0,0,0,0,0,0,0,0,0,0,0,0,0,0,0,0,2019,8,30
NV,32,9,2019082501,1,0,0,0,0,0,0,0,0,0,0,0,0,0,0,0,0,0,0,2019,8,24
NV,32,9,2019082201,1,0,0,0,0,0,0,0,0,0,0,0,0,0,0,0,0,0,0,2019,8,21
TX,48,6,2019081901,1,0,0,0,0,0,0,0,0,0,0,0,0,0,0,0,0,0,0,2019,8,16
MT,30,8,2019072802,1,0,0,0,0,0,0,0,0,0,0,0,0,0,0,0,0,0,0,2019,7,26
OR,41,10,2019072801,1,0,0,0,0,0,0,0,0,0,0,0,0,0,0,0,0,0,0,2019,7,27
AZ,4,9,2019072301,1,0,0,0,0,0,0,0,0,0,0,0,0,0,0,0,0,0,0,2019,7,22
NV,32,9,2019071401,1,0,0,0,0,0,0,0,0,0,0,0,0,0,0,0,0,0,0,2019,7,13
NM,35,6,2019030801,1,0,0,0,0,0,0,0,0,0,0,0,0,0,0,0,0,0,0,2019,3,7
CA,6,9,2018110902,1,0,0,0,0,0,0,0,0,0,0,0,0,0,0,0,0,0,0,2018,11,8
CA,6,9,2018110901,1,0,0,0,0,0,0,0,0,0,0,0,0,0,0,0,0,0,0,2018,11,8
CA,6,9,2018110801,1,0,0,0,0,0,0,0,0,0,0,0,0,0,0,0,0,0,0,2018,11,8
UT,49,8,2018092201,1,0,0,0,0,0,0,0,0,0,0,0,0,0,0,0,0,0,0,2018,9,21
WY,56,8,2018091901,1,0,0,0,0,0,0,0,0,0,0,0,0,0,0,0,0,0,0,2018,9,18
WA,53,10,2018081401,1,0,0,0,0,0,0,0,0,0,0,0,0,0,0,0,0,0,0,2018,8,11
SD,46,8,2018081202,1,0,0,0,0,0,0,0,0,0,0,0,0,0,0,0,0,0,0,2018,8,11
WA,53,10,2018081201,1,0,0,0,0,0,0,0,0,0,0,0,0,0,0,0,0,0,0,2018,8,11
WA,53,10,2018081103,1,0,0,0,0,0,0,0,0,0,0,0,0,0,0,0,0,0,0,2018,8,10
WA,53,10,2018081101,1,0,0,0,0,0,0,0,0,0,0,0,0,0,0,0,0,0,0,2018,8,10
CA,6,9,2018080901,1,0,0,0,0,0,0,0,0,0,0,0,0,0,0,0,0,0,0,2018,8,9
UT,49,8,2018080701,1,0,0,0,0,0,0,0,0,0,0,0,0,0,0,0,0,0,0,2018,8,6
WA,53,10,2018080403,1,0,0,0,0,0,0,0,0,0,0,0,0,0,0,0,0,0,0,2018,8,2
TX,48,6,2018073002,1,0,0,0,0,0,0,0,0,0,0,0,0,0,0,0,0,0,0,2018,7,29
ID,16,10,2018072902,1,0,0,0,0,0,0,0,0,0,0,0,0,0,0,0,0,0,0,2018,7,28
CA,6,9,2018072901,1,0,0,0,0,0,0,0,0,0,0,0,0,0,0,0,0,0,0,2018,7,29
WA,53,10,2018072801,1,0,0,0,0,0,0,0,0,0,0,0,0,0,0,0,0,0,0,2018,7,27
CA,6,9,2018072601,1,0,0,0,0,0,0,0,0,0,0,0,0,0,0,0,0,0,0,2018,7,25
CA,6,9,2018072401,1,0,0,0,0,0,0,0,0,0,0,0,0,0,0,0,0,0,0,2018,7,23
TX,48,6,2018072402,1,0,0,0,0,0,0,0,0,0,0,0,0,0,0,0,0,0,0,2018,7,23
WA,53,10,2018072001,1,0,0,0,0,0,0,0,0,0,0,0,0,0,0,0,0,0,0,2018,7,19
WA,53,10,2018071801,1,0,0,0,0,0,0,0,0,0,0,0,0,0,0,0,0,0,0,2018,7,17
WA,53,10,2018071001,1,0,0,0,0,0,0,0,0,0,0,0,0,0,0,0,0,0,0,2018,7,9
CA,6,9,2018070701,1,0,0,0,0,0,0,0,0,0,0,0,0,0,0,0,0,0,0,2018,7,7
CA,6,9,2018070603,1,0,0,0,0,0,0,0,0,0,0,0,0,0,0,0,0,0,0,2018,7,6
CA,6,9,2018070601,1,0,0,0,0,0,0,0,0,0,0,0,0,0,0,0,0,0,0,2018,7,5
CO,8,8,2018070501,1,0,0,0,0,0,0,0,0,0,0,0,0,0,0,0,0,0,0,2018,7,4
UT,49,8,2018070301,1,0,0,0,0,0,0,0,0,0,0,0,0,0,0,0,0,0,0,2018,7,2
CO,8,8,2018063001,1,0,0,0,0,0,0,0,0,0,0,0,0,0,0,0,0,0,0,2018,6,30
CO,8,8,2018062801,1,0,0,0,0,0,0,0,0,0,0,0,0,0,0,0,0,0,0,2018,6,28
CA,6,9,2018062401,1,0,0,0,0,0,0,0,0,0,0,0,0,0,0,0,0,0,0,2018,6,24
NV,32,9,2018061801,1,0,0,0,0,0,0,0,0,0,0,0,0,0,0,0,0,0,0,2018,6,17
WY,56,8,2018061201,1,0,0,0,0,0,0,0,0,0,0,0,0,0,0,0,0,0,0,2018,6,11
NM,35,6,2018060801,1,0,0,0,0,0,0,0,0,0,0,0,0,0,0,0,0,0,0,2018,6,7
NM,35,6,2018060401,1,0,0,0,0,0,0,0,0,0,0,0,0,0,0,0,0,0,0,2018,5,31
TX,48,6,2018050301,1,0,0,0,0,0,0,0,0,0,0,0,0,0,0,0,0,0,0,2018,5,2
AZ,4,9,2018042901,1,0,0,0,0,0,0,0,0,0,0,0,0,0,0,0,0,0,0,2018,4,27
TX,48,6,2018041801,1,0,0,0,0,0,0,0,0,0,0,0,0,0,0,0,0,0,0,2018,4,17
TX,48,6,2018041601,1,0,0,0,0,0,0,0,0,0,0,0,0,0,0,0,0,0,0,2018,4,13
TX,48,6,2018041401,1,0,0,0,0,0,0,0,0,0,0,0,0,0,0,0,0,0,0,2018,4,13
OK,40,6,2018041302,1,0,0,0,0,0,0,0,0,0,0,0,0,0,0,0,0,0,0,2018,4,11
OK,40,6,2018041301,1,0,0,0,0,0,0,0,0,0,0,0,0,0,0,0,0,0,0,2018,4,11
OK,40,6,2018031601,1,0,0,0,0,0,0,0,0,0,0,0,0,0,0,0,0,0,0,2018,3,16
SD,46,8,2017121301,1,0,0,0,0,0,0,0,0,0,0,0,0,0,0,0,0,0,0,2017,12,12
CA,6,9,2017120801,1,0,0,0,0,0,0,0,0,0,0,0,0,0,0,0,0,0,0,2017,12,7
CA,6,9,2017120602,1,0,0,0,0,0,0,0,0,0,0,0,0,0,0,0,0,0,0,2017,12,6
CA,6,9,2017120601,1,0,0,0,0,0,0,0,0,0,0,0,0,0,0,0,0,0,0,2017,12,5
CA,6,9,2017120501,1,0,0,0,0,0,0,0,0,0,0,0,0,0,0,0,0,0,0,2017,12,4
CA,6,9,2017101002,1,0,0,0,0,0,0,0,0,0,0,0,0,0,0,0,0,0,0,2017,10,9
CA,6,9,2017101001,1,0,0,0,0,0,0,0,0,0,0,0,0,0,0,0,0,0,0,2017,10,9
CA,6,9,2017100909,1,0,0,0,0,0,0,0,0,0,0,0,0,0,0,0,0,0,0,2017,10,8
CA,6,9,2017100908,1,0,0,0,0,0,0,0,0,0,0,0,0,0,0,0,0,0,0,2017,10,9
CA,6,9,2017100907,1,0,0,0,0,0,0,0,0,0,0,0,0,0,0,0,0,0,0,2017,10,9
CA,6,9,2017100905,1,0,0,0,0,0,0,0,0,0,0,0,0,0,0,0,0,0,0,2017,10,9
CA,6,9,2017100904,1,0,0,0,0,0,0,0,0,0,0,0,0,0,0,0,0,0,0,2017,10,8
CA,6,9,2017100903,1,0,0,0,0,0,0,0,0,0,0,0,0,0,0,0,0,0,0,2017,10,8
CA,6,9,2017100902,1,0,0,0,0,0,0,0,0,0,0,0,0,0,0,0,0,0,0,2017,10,9
MT,30,8,2017091201,1,0,0,0,0,0,0,0,0,0,0,0,0,0,0,0,0,0,0,2017,9,11
MT,30,8,2017091102,1,0,0,0,0,0,0,0,0,0,0,0,0,0,0,0,0,0,0,2017,9,9
MT,30,8,2017091106,1,0,0,0,0,0,0,0,0,0,0,0,0,0,0,0,0,0,0,2017,9,9
MT,30,8,2017091105,1,0,0,0,0,0,0,0,0,0,0,0,0,0,0,0,0,0,0,2017,9,9
MT,30,8,2017091104,1,0,0,0,0,0,0,0,0,0,0,0,0,0,0,0,0,0,0,2017,9,8
MT,30,8,2017091103,1,0,0,0,0,0,0,0,0,0,0,0,0,0,0,0,0,0,0,2017,8,28
UT,49,8,2017090502,1,0,0,0,0,0,0,0,0,0,0,0,0,0,0,0,0,0,0,2017,9,5
CA,6,9,2017090503,1,0,0,0,0,0,0,0,0,0,0,0,0,0,0,0,0,0,0,2017,8,29
OR,41,10,2017090401,1,0,0,0,0,0,0,0,0,0,0,0,0,0,0,0,0,0,0,2017,9,2
WA,53,10,2017090201,1,0,0,0,0,0,0,0,0,0,0,0,0,0,0,0,0,0,0,2017,9,2
CA,6,9,2017090101,1,0,0,0,0,0,0,0,0,0,0,0,0,0,0,0,0,0,0,2017,8,30
OR,41,10,2017082001,1,0,0,0,0,0,0,0,0,0,0,0,0,0,0,0,0,0,0,2017,8,19
MT,30,8,2017081703,1,0,0,0,0,0,0,0,0,0,0,0,0,0,0,0,0,0,0,2017,8,17
OR,41,10,2017081702,1,0,0,0,0,0,0,0,0,0,0,0,0,0,0,0,0,0,0,2017,8,16
OR,41,10,2017080401,1,0,0,0,0,0,0,0,0,0,0,0,0,0,0,0,0,0,0,2017,8,3
MT,30,8,2017072702,1,0,0,0,0,0,0,0,0,0,0,0,0,0,0,0,0,0,0,2017,7,20
NV,32,9,2017072501,1,0,0,0,0,0,0,0,0,0,0,0,0,0,0,0,0,0,0,2017,7,24
CA,6,9,2017071802,1,0,0,0,0,0,0,0,0,0,0,0,0,0,0,0,0,0,0,2017,7,16
NV,32,9,2017071801,1,0,0,0,0,0,0,0,0,0,0,0,0,0,0,0,0,0,0,2017,7,17
NV,32,9,2017071501,1,0,0,0,0,0,0,0,0,0,0,0,0,0,0,0,0,0,0,2017,7,14
CA,6,9,2017070903,1,0,0,0,0,0,0,0,0,0,0,0,0,0,0,0,0,0,0,2017,7,7
AZ,4,9,2017070902,1,0,0,0,0,0,0,0,0,0,0,0,0,0,0,0,0,0,0,2017,7,7
WA,53,10,2017062801,1,0,0,0,0,0,0,0,0,0,0,0,0,0,0,0,0,0,0,2017,6,27
AZ,4,9,2017062501,1,0,0,0,0,0,0,0,0,0,0,0,0,0,0,0,0,0,0,2017,6,24
UT,49,8,2017061801,1,0,0,0,0,0,0,0,0,0,0,0,0,0,0,0,0,0,0,2017,6,17
NM,35,6,2017061601,1,0,0,0,0,0,0,0,0,0,0,0,0,0,0,0,0,0,0,2017,6,15
AZ,4,9,2017061101,1,0,0,0,0,0,0,0,0,0,0,0,0,0,0,0,0,0,0,2017,6,7
WA,53,10,2017052401,1,0,0,0,0,0,0,0,0,0,0,0,0,0,0,0,0,0,0,2017,5,23
GA,13,4,2017050901,1,0,0,0,0,0,0,0,0,0,0,0,0,0,0,0,0,0,0,2017,5,6
FL,12,4,2017042201,1,0,0,0,0,0,0,0,0,0,0,0,0,0,0,0,0,0,0,2017,4,21
FL,12,4,2017042202,1,0,0,0,0,0,0,0,0,0,0,0,0,0,0,0,0,0,0,2017,4,21
OK,40,6,2017030708,1,0,0,0,0,0,0,0,0,0,0,0,0,0,0,0,0,0,0,2017,3,6
KS,20,7,2017030706,1,0,0,0,0,0,0,0,0,0,0,0,0,0,0,0,0,0,0,2017,3,4
KS,20,7,2017030703,1,0,0,0,0,0,0,0,0,0,0,0,0,0,0,0,0,0,0,2017,3,4
KS,20,7,2017030705,1,0,0,0,0,0,0,0,0,0,0,0,0,0,0,0,0,0,0,2017,3,4
KS,20,7,2017030702,1,0,0,0,0,0,0,0,0,0,0,0,0,0,0,0,0,0,0,2017,3,4
KS,20,7,2017030701,1,0,0,0,0,0,0,0,0,0,0,0,0,0,0,0,0,0,0,2017,3,4
KS,20,7,2017030704,1,0,0,0,0,0,0,0,0,0,0,0,0,0,0,0,0,0,0,2017,3,4
OK,40,6,2017022401,1,0,0,0,0,0,0,0,0,0,0,0,0,0,0,0,0,0,0,2017,2,23
TN,47,4,2016112801,1,0,0,0,0,0,0,0,0,0,0,0,0,0,0,0,0,0,0,2016,11,28
KY,21,4,2016111901,1,0,0,0,0,0,0,0,0,0,0,0,0,0,0,0,0,0,0,2016,11,18
TN,47,4,2016112002,1,0,0,0,0,0,0,0,0,0,0,0,0,0,0,0,0,0,0,2016,11,17
NC,37,4,2016112001,1,0,0,0,0,0,0,0,0,0,0,0,0,0,0,0,0,0,0,2016,11,19
GA,13,4,2016111301,1,0,0,0,0,0,0,0,0,0,0,0,0,0,0,0,0,0,0,2016,11,13
NC,37,4,2016111201,1,0,0,0,0,0,0,0,0,0,0,0,0,0,0,0,0,0,0,2016,11,11
TN,47,4,2016111101,1,0,0,0,0,0,0,0,0,0,0,0,0,0,0,0,0,0,0,2016,11,11
TN,47,4,2016111001,1,0,0,0,0,0,0,0,0,0,0,0,0,0,0,0,0,0,0,2016,11,5
KY,21,4,2016110802,1,0,0,0,0,0,0,0,0,0,0,0,0,0,0,0,0,0,0,2016,11,8
CO,8,8,2016101801,1,0,0,0,0,0,0,0,0,0,0,0,0,0,0,0,0,0,0,2016,10,17
NV,32,9,2016101401,1,0,0,0,0,0,0,0,0,0,0,0,0,0,0,0,0,0,0,2016,10,14
CO,8,8,2016100403,1,0,0,0,0,0,0,0,0,0,0,0,0,0,0,0,0,0,0,2016,10,4
NV,32,9,2016100201,1,0,0,0,0,0,0,0,0,0,0,0,0,0,0,0,0,0,0,2016,10,2
OR,41,10,2016083101,1,0,0,0,0,0,0,0,0,0,0,0,0,0,0,0,0,0,0,2016,8,30
WA,53,10,2016082801,1,0,0,0,0,0,0,0,0,0,0,0,0,0,0,0,0,0,0,2016,8,27
ID,16,10,2016082502,1,0,0,0,0,0,0,0,0,0,0,0,0,0,0,0,0,0,0,2016,8,21
WA,53,10,2016082202,1,0,0,0,0,0,0,0,0,0,0,0,0,0,0,0,0,0,0,2016,8,21
WA,53,10,2016082201,1,0,0,0,0,0,0,0,0,0,0,0,0,0,0,0,0,0,0,2016,8,21
CA,6,9,2016081604,1,0,0,0,0,0,0,0,0,0,0,0,0,0,0,0,0,0,0,2016,8,16
CA,6,9,2016081502,1,0,0,0,0,0,0,0,0,0,0,0,0,0,0,0,0,0,0,2016,8,13
MT,30,8,2016080102,1,0,0,0,0,0,0,0,0,0,0,0,0,0,0,0,0,0,0,2016,8,1
WA,53,10,2016080101,1,0,0,0,0,0,0,0,0,0,0,0,0,0,0,0,0,0,0,2016,7,31
NV,32,9,2016073102,1,0,0,0,0,0,0,0,0,0,0,0,0,0,0,0,0,0,0,2016,7,29
CA,6,9,2016073101,1,0,0,0,0,0,0,0,0,0,0,0,0,0,0,0,0,0,0,2016,7,30
WY,56,8,2016072903,1,0,0,0,0,0,0,0,0,0,0,0,0,0,0,0,0,0,0,2016,7,28
NV,32,9,2016072902,1,0,0,0,0,0,0,0,0,0,0,0,0,0,0,0,0,0,0,2016,7,29
WY,56,8,2016072601,1,0,0,0,0,0,0,0,0,0,0,0,0,0,0,0,0,0,0,2016,7,25
NM,35,6,2016071401,1,0,0,0,0,0,0,0,0,0,0,0,0,0,0,0,0,0,0,2016,7,13
CO,8,8,2016071101,1,0,0,0,0,0,0,0,0,0,0,0,0,0,0,0,0,0,0,2016,7,9
CA,6,9,2016071001,1,0,0,0,0,0,0,0,0,0,0,0,0,0,0,0,0,0,0,2016,7,9
CA,6,9,2016062401,1,0,0,0,0,0,0,0,0,0,0,0,0,0,0,0,0,0,0,2016,6,23
UT,49,8,2016062201,1,0,0,0,0,0,0,0,0,0,0,0,0,0,0,0,0,0,0,2016,6,21
CA,6,9,2016062101,1,0,0,0,0,0,0,0,0,0,0,0,0,0,0,0,0,0,0,2016,6,20
NM,35,6,2016061601,1,0,0,0,0,0,0,0,0,0,0,0,0,0,0,0,0,0,0,2016,6,14
OR,41,10,2016060902,1,0,0,0,0,0,0,0,0,0,0,0,0,0,0,0,0,0,0,2016,6,7
AZ,4,9,2016060901,1,0,0,0,0,0,0,0,0,0,0,0,0,0,0,0,0,0,0,2016,6,8
NH,33,1,2016042201,1,0,0,0,0,0,0,0,0,0,0,0,0,0,0,0,0,0,0,2016,4,21
OK,40,6,2016040602,1,0,0,0,0,0,0,0,0,0,0,0,0,0,0,0,0,0,0,2016,4,5
KS,20,7,2016040601,1,0,0,0,0,0,0,0,0,0,0,0,0,0,0,0,0,0,0,2016,4,5
KS,20,7,2016032401,1,0,0,0,0,0,0,0,0,0,0,0,0,0,0,0,0,0,0,2016,3,23
OK,40,6,2016021902,1,0,0,0,0,0,0,0,0,0,0,0,0,0,0,0,0,0,0,2016,2,18
OK,40,6,2016020101,1,0,0,0,0,0,0,0,0,0,0,0,0,0,0,0,0,0,0,2016,1,29
OK,40,6,2015111201,1,0,0,0,0,0,0,0,0,0,0,0,0,0,0,0,0,0,0,2015,11,11
TX,48,6,2015101502,1,0,0,0,0,0,0,0,0,0,0,0,0,0,0,0,0,0,0,2015,10,13
WY,56,8,2015101201,1,0,0,0,0,0,0,0,0,0,0,0,0,0,0,0,0,0,0,2015,10,11
OR,41,10,2015091402,1,0,0,0,0,0,0,0,0,0,0,0,0,0,0,0,0,0,0,2015,9,13
WA,53,10,2015091401,1,0,0,0,0,0,0,0,0,0,0,0,0,0,0,0,0,0,0,2015,9,13
CA,6,9,2015091001,1,0,0,0,0,0,0,0,0,0,0,0,0,0,0,0,0,0,0,2015,9,9
ID,16,10,2015083001,1,0,0,0,0,0,0,0,0,0,0,0,0,0,0,0,0,0,0,2015,8,29
WA,53,10,2015082501,1,0,0,0,0,0,0,0,0,0,0,0,0,0,0,0,0,0,0,2015,8,19
WA,53,10,2015082201,1,0,0,0,0,0,0,0,0,0,0,0,0,0,0,0,0,0,0,2015,8,21
OR,41,10,2015082101,1,0,0,0,0,0,0,0,0,0,0,0,0,0,0,0,0,0,0,2015,8,20
WA,53,10,2015082001,1,0,0,0,0,0,0,0,0,0,0,0,0,0,0,0,0,0,0,2015,8,19
ID,16,10,2015081506,1,0,0,0,0,0,0,0,0,0,0,0,0,0,0,0,0,0,0,2015,8,14
WA,53,10,2015081505,1,0,0,0,0,0,0,0,0,0,0,0,0,0,0,0,0,0,0,2015,8,14
WA,53,10,2015081504,1,0,0,0,0,0,0,0,0,0,0,0,0,0,0,0,0,0,0,2015,8,14
OR,41,10,2015081503,1,0,0,0,0,0,0,0,0,0,0,0,0,0,0,0,0,0,0,2015,8,14
WA,53,10,2015081502,1,0,0,0,0,0,0,0,0,0,0,0,0,0,0,0,0,0,0,2015,8,14
WA,53,10,2015081501,1,0,0,0,0,0,0,0,0,0,0,0,0,0,0,0,0,0,0,2015,8,14
ID,16,10,2015081402,1,0,0,0,0,0,0,0,0,0,0,0,0,0,0,0,0,0,0,2015,8,10
WA,53,10,2015081401,1,0,0,0,0,0,0,0,0,0,0,0,0,0,0,0,0,0,0,2015,8,13
OR,41,10,2015081301,1,0,0,0,0,0,0,0,0,0,0,0,0,0,0,0,0,0,0,2015,8,11
OR,41,10,2015080902,1,0,0,0,0,0,0,0,0,0,0,0,0,0,0,0,0,0,0,2015,8,8
AZ,4,9,2015080901,1,0,0,0,0,0,0,0,0,0,0,0,0,0,0,0,0,0,0,2015,8,8
WA,53,10,2015080501,1,0,0,0,0,0,0,0,0,0,0,0,0,0,0,0,0,0,0,2015,8,4
CA,6,9,2015080201,1,0,0,0,0,0,0,0,0,0,0,0,0,0,0,0,0,0,0,2015,7,29
OR,41,10,2015073101,1,0,0,0,0,0,0,0,0,0,0,0,0,0,0,0,0,0,0,2015,7,30
WA,53,10,2015072101,1,0,0,0,0,0,0,0,0,0,0,0,0,0,0,0,0,0,0,2015,7,20
CA,6,9,2015071801,1,0,0,0,0,0,0,0,0,0,0,0,0,0,0,0,0,0,0,2015,7,17
ID,16,10,2015070601,1,0,0,0,0,0,0,0,0,0,0,0,0,0,0,0,0,0,0,2015,7,5
WA,53,10,2015062901,1,0,0,0,0,0,0,0,0,0,0,0,0,0,0,0,0,0,0,2015,6,28
AZ,4,9,2015061801,1,0,0,0,0,0,0,0,0,0,0,0,0,0,0,0,0,0,0,2015,6,17
AZ,4,9,2014110601,1,0,0,0,0,0,0,0,0,0,0,0,0,0,0,0,0,0,0,2014,5,20
CA,6,9,2014100901,1,0,0,0,0,0,0,0,0,0,0,0,0,0,0,0,0,0,0,2014,10,8
CA,6,9,2014091701,1,0,0,0,0,0,0,0,0,0,0,0,0,0,0,0,0,0,0,2014,9,13
OR,41,10,2014091602,1,0,0,0,0,0,0,0,0,0,0,0,0,0,0,0,0,0,0,2014,9,15
CA,6,9,2014091603,1,0,0,0,0,0,0,0,0,0,0,0,0,0,0,0,0,0,0,2014,9,15
CA,6,9,2014091501,1,0,0,0,0,0,0,0,0,0,0,0,0,0,0,0,0,0,0,2014,9,14
CA,6,9,2014090601,1,0,0,0,0,0,0,0,0,0,0,0,0,0,0,0,0,0,0,2014,9,5
CA,6,9,2014082501,1,0,0,0,0,0,0,0,0,0,0,0,0,0,0,0,0,0,0,2014,8,24
CA,6,9,2014081902,1,0,0,0,0,0,0,0,0,0,0,0,0,0,0,0,0,0,0,2014,8,18
CA,6,9,2014081901,1,0,0,0,0,0,0,0,0,0,0,0,0,0,0,0,0,0,0,2014,8,18
OR,41,10,2014080701,1,0,0,0,0,0,0,0,0,0,0,0,0,0,0,0,0,0,0,2014,8,5
WA,53,10,2014080601,1,0,0,0,0,0,0,0,0,0,0,0,0,0,0,0,0,0,0,2014,8,5
WA,53,10,2014080304,1,0,0,0,0,0,0,0,0,0,0,0,0,0,0,0,0,0,0,2014,8,2
CA,6,9,2014080303,1,0,0,0,0,0,0,0,0,0,0,0,0,0,0,0,0,0,0,2014,8,1
CA,6,9,2014080302,1,0,0,0,0,0,0,0,0,0,0,0,0,0,0,0,0,0,0,2014,8,2
CA,6,9,2014080301,1,0,0,0,0,0,0,0,0,0,0,0,0,0,0,0,0,0,0,2014,8,1
CA,6,9,2014080202,1,0,0,0,0,0,0,0,0,0,0,0,0,0,0,0,0,0,0,2014,8,1
OR,41,10,2014080201,1,0,0,0,0,0,0,0,0,0,0,0,0,0,0,0,0,0,0,2014,7,31
UT,49,8,2014072201,1,0,0,0,0,0,0,0,0,0,0,0,0,0,0,0,0,0,0,2014,7,21
WA,53,10,2014071901,1,0,0,0,0,0,0,0,0,0,0,0,0,0,0,0,0,0,0,2014,7,19
WA,53,10,2014072001,1,0,0,0,0,0,0,0,0,0,0,0,0,0,0,0,0,0,0,2014,7,19
WA,53,10,2014071703,1,0,0,0,0,0,0,0,0,0,0,0,0,0,0,0,0,0,0,2014,7,15
WA,53,10,2014071701,1,0,0,0,0,0,0,0,0,0,0,0,0,0,0,0,0,0,0,2014,7,15
OR,41,10,2014071401,1,0,0,0,0,0,0,0,0,0,0,0,0,0,0,0,0,0,0,2014,7,13
WA,53,10,2014071002,1,0,0,0,0,0,0,0,0,0,0,0,0,0,0,0,0,0,0,2014,7,10
WA,53,10,2014071003,1,0,0,0,0,0,0,0,0,0,0,0,0,0,0,0,0,0,0,2014,7,9
CA,6,9,2014070202,1,0,0,0,0,0,0,0,0,0,0,0,0,0,0,0,0,0,0,2014,7,1
OR,41,10,2014060801,1,0,0,0,0,0,0,0,0,0,0,0,0,0,0,0,0,0,0,2014,6,7
CA,6,9,2014051501,1,0,0,0,0,0,0,0,0,0,0,0,0,0,0,0,0,0,0,2014,5,14
CA,6,9,2014051402,1,0,0,0,0,0,0,0,0,0,0,0,0,0,0,0,0,0,0,2014,5,14
TX,48,6,2014051201,1,0,0,0,0,0,0,0,0,0,0,0,0,0,0,0,0,0,0,2014,5,11
OK,40,6,2014050601,1,0,0,0,0,0,0,0,0,0,0,0,0,0,0,0,0,0,0,2014,5,5
CA,6,9,2014011601,1,0,0,0,0,0,0,0,0,0,0,0,0,0,0,0,0,0,0,2014,1,16
CA,6,9,2013091001,1,0,0,0,0,0,0,0,0,0,0,0,0,0,0,0,0,0,0,2013,9,9
CA,6,9,2013082401,1,0,0,0,0,0,0,0,0,0,0,0,0,0,0,0,0,0,0,2013,8,20
WA,53,10,2013082101,1,0,0,0,0,0,0,0,0,0,0,0,0,0,0,0,0,0,0,2013,8,20
MT,30,8,2013082001,1,0,0,0,0,0,0,0,0,0,0,0,0,0,0,0,0,0,0,2013,8,18
OR,41,10,2013081901,1,0,0,0,0,0,0,0,0,0,0,0,0,0,0,0,0,0,0,2013,8,17
ID,16,10,2013081602,1,0,0,0,0,0,0,0,0,0,0,0,0,0,0,0,0,0,0,2013,8,15
UT,49,8,2013081302,1,0,0,0,0,0,0,0,0,0,0,0,0,0,0,0,0,0,0,2013,8,13
ID,16,10,2013081301,1,0,0,0,0,0,0,0,0,0,0,0,0,0,0,0,0,0,0,2013,8,12
WA,53,10,2013081101,1,0,0,0,0,0,0,0,0,0,0,0,0,0,0,0,0,0,0,2013,8,10
CA,6,9,2013080801,1,0,0,0,0,0,0,0,0,0,0,0,0,0,0,0,0,0,0,2013,8,7
CA,6,9,2013080601,1,0,0,0,0,0,0,0,0,0,0,0,0,0,0,0,0,0,0,2013,8,5
OR,41,10,2013080301,1,0,0,0,0,0,0,0,0,0,0,0,0,0,0,0,0,0,0,2013,7,28
WA,53,10,2013073002,1,0,0,0,0,0,0,0,0,0,0,0,0,0,0,0,0,0,0,2013,7,27
OR,41,10,2013072801,1,0,0,0,0,0,0,0,0,0,0,0,0,0,0,0,0,0,0,2013,7,27
OR,41,10,2013072001,1,0,0,0,0,0,0,0,0,0,0,0,0,0,0,0,0,0,0,2013,7,19
MT,30,8,2013071801,1,0,0,0,0,0,0,0,0,0,0,0,0,0,0,0,0,0,0,2013,7,18
NV,32,9,2013070501,1,0,0,0,0,0,0,0,0,0,0,0,0,0,0,0,0,0,0,2013,7,4
AZ,4,9,2013070301,1,0,0,0,0,0,0,0,0,0,0,0,0,0,0,0,0,0,0,2013,7,1
AZ,4,9,2013063001,1,0,0,0,0,0,0,0,0,0,0,0,0,0,0,0,0,0,0,2013,6,30
CO,8,8,2013062201,1,0,0,0,0,0,0,0,0,0,0,0,0,0,0,0,0,0,0,2013,6,21
CO,8,8,2013062102,1,0,0,0,0,0,0,0,0,0,0,0,0,0,0,0,0,0,0,2013,6,19
AZ,4,9,2013061901,1,0,0,0,0,0,0,0,0,0,0,0,0,0,0,0,0,0,0,2013,6,18
CO,8,8,2013061202,1,0,0,0,0,0,0,0,0,0,0,0,0,0,0,0,0,0,0,2013,6,11
CO,8,8,2013061201,1,0,0,0,0,0,0,0,0,0,0,0,0,0,0,0,0,0,0,2013,6,11
NM,35,6,2013060605,1,0,0,0,0,0,0,0,0,0,0,0,0,0,0,0,0,0,0,2013,5,30
CA,6,9,2013060201,1,0,0,0,0,0,0,0,0,0,0,0,0,0,0,0,0,0,0,2013,5,31
CA,6,9,2013050203,1,0,0,0,0,0,0,0,0,0,0,0,0,0,0,0,0,0,0,2013,5,2
CA,6,9,2013050201,1,0,0,0,0,0,0,0,0,0,0,0,0,0,0,0,0,0,0,2013,5,1
CO,8,8,2012102301,1,0,0,0,0,0,0,0,0,0,0,0,0,0,0,0,0,0,0,2012,10,23
CA,6,9,2012092401,1,0,0,0,0,0,0,0,0,0,0,0,0,0,0,0,0,0,0,2012,9,23
WA,53,10,2012092001,1,0,0,0,0,0,0,0,0,0,0,0,0,0,0,0,0,0,0,2012,9,19
ID,16,10,2012091802,1,0,0,0,0,0,0,0,0,0,0,0,0,0,0,0,0,0,0,2012,9,18
WA,53,10,2012091302,1,0,0,0,0,0,0,0,0,0,0,0,0,0,0,0,0,0,0,2012,9,12
WA,53,10,2012091301,1,0,0,0,0,0,0,0,0,0,0,0,0,0,0,0,0,0,0,2012,9,12
MT,30,8,2012091102,1,0,0,0,0,0,0,0,0,0,0,0,0,0,0,0,0,0,0,2012,9,10
WA,53,10,2012091101,1,0,0,0,0,0,0,0,0,0,0,0,0,0,0,0,0,0,0,2012,9,10
WY,56,8,2012091001,1,0,0,0,0,0,0,0,0,0,0,0,0,0,0,0,0,0,0,2012,9,9
WA,53,10,2012091002,1,0,0,0,0,0,0,0,0,0,0,0,0,0,0,0,0,0,0,2012,9,9
WA,53,10,2012091003,1,0,0,0,0,0,0,0,0,0,0,0,0,0,0,0,0,0,0,2012,9,9
WA,53,10,2012090601,1,0,0,0,0,0,0,0,0,0,0,0,0,0,0,0,0,0,0,2012,9,5
SD,46,8,2012090101,1,0,0,0,0,0,0,0,0,0,0,0,0,0,0,0,0,0,0,2012,8,31
NE,31,7,2012083001,1,0,0,0,0,0,0,0,0,0,0,0,0,0,0,0,0,0,0,2012,8,30
MT,30,8,2012082902,1,0,0,0,0,0,0,0,0,0,0,0,0,0,0,0,0,0,0,2012,8,28
CA,6,9,2012081901,1,0,0,0,0,0,0,0,0,0,0,0,0,0,0,0,0,0,0,2012,8,18
ID,16,10,2012081601,1,0,0,0,0,0,0,0,0,0,0,0,0,0,0,0,0,0,0,2012,8,15
WA,53,10,2012081401,1,0,0,0,0,0,0,0,0,0,0,0,0,0,0,0,0,0,0,2012,8,13
CA,6,9,2012081302,1,0,0,0,0,0,0,0,0,0,0,0,0,0,0,0,0,0,0,2012,8,12
OK,40,6,2012080605,1,0,0,0,0,0,0,0,0,0,0,0,0,0,0,0,0,0,0,2012,8,4
OK,40,6,2012080604,1,0,0,0,0,0,0,0,0,0,0,0,0,0,0,0,0,0,0,2012,8,4
OK,40,6,2012080603,1,0,0,0,0,0,0,0,0,0,0,0,0,0,0,0,0,0,0,2012,8,3
OK,40,6,2012080602,1,0,0,0,0,0,0,0,0,0,0,0,0,0,0,0,0,0,0,2012,8,3
MT,30,8,2024081401,0,0,0,1,0,0,0,0,0,0,0,0,0,0,0,0,0,0,0,2024,7,24
LA,22,6,2017082301,0,0,0,0,0,1,0,0,0,0,0,0,0,0,0,0,0,0,0,2017,8,28
AZ,4,9,2024071201,1,0,0,0,0,0,0,0,0,0,0,0,0,0,0,0,0,0,0,2024,7,10
AZ,4,9,2024071001,1,0,0,0,0,0,0,0,0,0,0,0,0,0,0,0,0,0,0,2024,7,9
AZ,4,9,2024062803,1,0,0,0,0,0,0,0,0,0,0,0,0,0,0,0,0,0,0,2024,6,27
AZ,4,9,2024061301,1,0,0,0,0,0,0,0,0,0,0,0,0,0,0,0,0,0,0,2024,6,12
AZ,4,9,2024052902,1,0,0,0,0,0,0,0,0,0,0,0,0,0,0,0,0,0,0,2024,5,28
OK,40,6,2024061203,0,0,1,0,0,0,0,0,0,0,0,0,0,0,0,0,0,0,0,2024,3,14
GA,13,4,2015122301,0,0,1,0,0,0,0,0,0,0,0,0,0,0,0,0,0,0,0,2015,12,22
TX,48,6,2024070302,0,0,0,0,0,1,0,0,0,0,0,0,0,0,0,0,0,0,0,2024,7,5
NM,35,6,2024061901,1,0,0,0,0,0,0,0,0,0,0,0,0,0,0,0,0,0,0,2024,6,17
NE,31,7,2024041501,0,0,1,1,1,0,0,0,0,0,0,0,0,0,0,0,0,0,0,2024,4,6
ME,23,1,2024040401,0,0,1,0,1,0,0,0,0,0,0,0,0,0,0,0,0,0,0,2024,4,3
TX,48,6,2024042701,0,1,1,0,0,0,0,0,0,0,0,0,0,0,0,0,0,0,0,2024,4,26
IA,19,7,2024042902,0,0,0,0,0,0,1,0,0,0,0,0,0,0,0,0,0,0,0,2024,4,26
NE,31,7,2024042901,0,0,0,0,0,0,1,0,0,0,0,0,0,0,0,0,0,0,0,2024,4,25
OH,39,5,2024032101,0,0,0,0,0,0,1,0,0,0,0,0,0,0,0,0,0,0,0,2024,3,14
WA,53,10,2024032102,0,0,1,1,1,0,0,0,1,0,0,0,0,0,0,0,0,0,0,2024,1,5
KS,20,7,2024041101,0,0,0,0,1,0,0,0,0,0,0,0,0,0,0,0,0,0,0,2024,1,8
CA,6,9,2024013101,0,0,1,0,1,0,0,0,0,0,0,0,0,0,0,0,0,0,0,2024,1,30
VT,50,1,2024010901,0,0,1,0,1,0,0,0,0,0,0,0,0,0,0,0,0,0,0,2024,1,9
OR,41,10,2024020701,0,0,1,1,1,0,0,0,1,0,0,0,0,0,0,0,0,0,0,2024,1,10
RI,44,1,2024010901,0,0,1,0,0,0,0,0,0,0,0,0,0,0,0,0,0,0,0,2024,1,9
GA,13,4,2024092301,0,0,0,0,0,1,0,1,0,0,0,0,0,0,0,0,0,0,0,2024,9,24
ND,38,8,2024012201,0,0,0,1,1,0,0,0,0,0,0,0,0,0,0,0,0,0,0,2023,12,25
WA,53,10,2023082901,1,0,0,0,0,0,0,0,0,0,0,0,0,0,0,0,1,0,0,2023,8,18
UT,49,8,2023080701,0,1,0,0,0,0,0,0,0,0,0,0,0,0,0,0,0,0,0,2023,5,1
MT,30,8,2023083001,0,1,0,0,0,0,0,0,0,0,0,0,0,0,0,0,0,0,0,2023,6,1
WY,56,8,2023080101,0,1,0,0,0,0,0,0,0,0,0,0,0,0,0,0,0,0,0,2023,6,15
TN,47,4,2023073102,0,0,1,1,0,0,0,0,0,0,0,0,0,0,0,0,0,0,0,2023,7,18
OK,40,6,2013052001,0,0,0,0,0,0,1,0,0,0,0,0,0,0,0,0,0,0,0,2013,5,18
IA,19,7,2023062301,0,1,0,0,0,0,0,0,0,0,0,0,0,0,0,0,0,0,0,2023,4,24
NY,36,2,2024111501,1,0,0,0,0,0,0,0,0,0,0,0,0,0,0,0,0,0,0,2024,11,8
TN,47,4,2023062901,0,0,1,1,0,0,0,0,0,0,0,0,0,0,0,0,0,0,0,2023,6,25
MT,30,8,2023052603,0,1,0,0,0,0,0,0,0,0,0,0,0,0,0,0,0,0,0,2023,4,10
NJ,34,2,2023072801,0,0,1,0,0,0,0,0,0,0,0,0,0,0,0,0,0,0,0,2023,7,14
ME,23,1,2023051002,0,1,0,0,0,0,0,0,0,0,0,0,0,0,0,0,0,0,0,2023,4,30
SD,46,8,2023052602,0,1,0,0,0,0,0,0,0,0,0,0,0,0,0,0,0,0,0,2023,4,9
ND,38,8,2023052601,0,1,0,0,0,0,0,0,0,0,0,0,0,0,0,0,0,0,0,2023,4,10
LA,22,6,2017020802,0,0,0,0,0,0,1,0,0,0,0,0,0,0,0,0,0,0,0,2017,2,7
LA,22,6,2017100401,0,0,0,0,0,1,0,0,0,0,0,0,0,0,0,0,0,0,0,2017,10,5
CA,6,9,2023041201,0,0,0,0,1,0,0,0,1,0,0,0,0,0,0,0,0,0,0,2023,2,14
OK,40,6,2023042001,0,0,0,0,0,0,1,0,0,0,0,0,0,0,0,0,0,0,0,2023,4,19
TX,48,6,2023042201,0,0,0,0,1,0,0,0,0,0,0,0,0,0,0,0,0,0,0,2023,1,30
AZ,4,9,2020062701,1,0,0,0,0,0,0,0,0,0,0,0,0,0,0,0,0,0,0,2020,6,27
AZ,4,9,2020062401,1,0,0,0,0,0,0,0,0,0,0,0,0,0,0,0,0,0,0,2020,6,23
AZ,4,9,2020061101,1,0,0,0,0,0,0,0,0,0,0,0,0,0,0,0,0,0,0,2020,6,11
AZ,4,9,2020053001,1,0,0,0,0,0,0,0,0,0,0,0,0,0,0,0,0,0,0,2020,5,30
AZ,4,9,2018051101,1,0,0,0,0,0,0,0,0,0,0,0,0,0,0,0,0,0,0,2018,5,11
CA,6,9,2016082203,1,0,0,0,0,0,0,0,0,0,0,0,0,0,0,0,0,0,0,2016,8,16
CA,6,9,2016081501,1,0,0,0,0,0,0,0,0,0,0,0,0,0,0,0,0,0,0,2016,8,13
CA,6,9,2016080901,1,0,0,0,0,0,0,0,0,0,0,0,0,0,0,0,0,0,0,2016,8,7
CA,6,9,2016072901,1,0,0,0,0,0,0,0,0,0,0,0,0,0,0,0,0,0,0,2016,7,22
CA,6,9,2016072401,1,0,0,0,0,0,0,0,0,0,0,0,0,0,0,0,0,0,0,2016,7,22
CA,6,9,2016062001,1,0,0,0,0,0,0,0,0,0,0,0,0,0,0,0,0,0,0,2016,6,19
CA,6,9,2016060501,1,0,0,0,0,0,0,0,0,0,0,0,0,0,0,0,0,0,0,2016,6,4
CA,6,9,2015091301,1,0,0,0,0,0,0,0,0,0,0,0,0,0,0,0,0,0,0,2015,9,12
AR,5,6,2023013101,0,0,0,0,1,0,0,0,0,0,0,0,0,0,0,0,0,0,0,2023,1,30
CA,6,9,2015072301,1,0,0,0,0,0,0,0,0,0,0,0,0,0,0,0,0,0,0,2015,7,22
CA,6,9,2020092801,1,0,0,0,0,0,0,0,0,0,0,0,0,0,0,0,0,0,0,2020,9,28
CA,6,9,2020092701,1,0,0,0,0,0,0,0,0,0,0,0,0,0,0,0,0,0,0,2020,9,27
CA,6,9,2020091401,1,0,0,0,0,0,0,0,0,0,0,0,0,0,0,0,0,0,0,2020,9,13
CA,6,9,2020090907,1,0,0,0,0,0,0,0,0,0,0,0,0,0,0,0,0,0,0,2020,8,17
CA,6,9,2020090903,1,0,0,0,0,0,0,0,0,0,0,0,0,0,0,0,0,0,0,2020,9,8
CA,6,9,2020090703,1,0,0,0,0,0,0,0,0,0,0,0,0,0,0,0,0,0,0,2020,9,5
CA,6,9,2020090701,1,0,0,0,0,0,0,0,0,0,0,0,0,0,0,0,0,0,0,2020,9,6
CA,6,9,2020082301,1,0,0,0,0,0,0,0,0,0,0,0,0,0,0,0,0,0,0,2020,8,17
CA,6,9,2020082102,1,0,0,0,0,0,0,0,0,0,0,0,0,0,0,0,0,0,0,2020,8,20
CA,6,9,2020082002,1,0,0,0,0,0,0,0,0,0,0,0,0,0,0,0,0,0,0,2020,8,20
CA,6,9,2020081901,1,0,0,0,0,0,0,0,0,0,0,0,0,0,0,0,0,0,0,2020,8,18
CA,6,9,2020081802,1,0,0,0,0,0,0,0,0,0,0,0,0,0,0,0,0,0,0,2020,8,17
CA,6,9,2020081701,1,0,0,0,0,0,0,0,0,0,0,0,0,0,0,0,0,0,0,2020,8,16
CA,6,9,2018062501,1,0,0,0,0,0,0,0,0,0,0,0,0,0,0,0,0,0,0,2018,6,24
CA,6,9,2017120502,1,0,0,0,0,0,0,0,0,0,0,0,0,0,0,0,0,0,0,2017,12,5
CA,6,9,2017101003,1,0,0,0,0,0,0,0,0,0,0,0,0,0,0,0,0,0,0,2017,10,9
CA,6,9,2017092601,1,0,0,0,0,0,0,0,0,0,0,0,0,0,0,0,0,0,0,2017,9,25
CA,6,9,2017090402,1,0,0,0,0,0,0,0,0,0,0,0,0,0,0,0,0,0,0,2017,9,4
CA,6,9,2017090301,1,0,0,0,0,0,0,0,0,0,0,0,0,0,0,0,0,0,0,2017,8,29
CA,6,9,2017090202,1,0,0,0,0,0,0,0,0,0,0,0,0,0,0,0,0,0,0,2017,9,1
ME,23,1,2022122102,0,0,1,0,0,0,0,0,0,0,0,0,0,0,0,0,0,0,0,2022,12,23
VT,50,1,2022122102,0,0,1,0,0,0,0,0,0,0,0,0,0,0,0,0,0,0,0,2022,12,22
NY,36,2,2022122601,0,0,1,0,1,0,0,0,0,1,0,0,0,0,0,0,0,0,0,2022,12,23
CA,6,9,2021081801,1,0,0,0,0,0,0,0,0,0,0,0,0,0,0,0,0,0,0,2021,8,14
CA,6,9,2021081702,1,0,0,0,0,0,0,0,0,0,0,0,0,0,0,0,0,0,0,2021,8,17
CA,6,9,2021080501,1,0,0,0,0,0,0,0,0,0,0,0,0,0,0,0,0,0,0,2021,8,4
CA,6,9,2021072001,1,0,0,0,0,0,0,0,0,0,0,0,0,0,0,0,0,0,0,2021,7,20
AZ,4,9,2013020201,0,0,0,0,0,0,0,0,0,0,0,0,0,1,0,0,0,0,0,2012,12,15
SD,46,8,2022122101,0,0,1,0,1,0,0,0,0,1,0,0,0,0,0,0,0,0,0,2022,12,12
SD,46,8,2022122101,0,0,0,0,1,0,0,0,0,1,0,0,0,0,0,0,0,0,0,2022,12,12
SD,46,8,2022122101,0,0,0,0,1,0,0,0,0,1,0,0,0,0,0,0,0,0,0,2022,12,12
ND,38,8,2022121601,0,0,0,1,1,0,0,0,0,1,0,0,0,0,0,0,0,0,0,2022,11,9
MS,28,4,2019041102,0,0,1,0,0,0,0,0,0,0,0,0,0,0,0,0,0,0,0,2019,4,13
MS,28,4,2016031201,0,1,0,0,0,0,0,0,0,0,0,0,0,0,0,0,0,0,0,2016,3,9
NJ,34,2,2016013001,0,0,1,0,0,0,0,0,0,0,0,0,0,0,0,0,0,0,0,2016,1,22
AZ,4,9,2022110801,0,1,0,0,0,0,0,0,0,0,0,0,0,0,0,0,0,0,0,2022,10,1
FL,12,4,2022110701,0,0,0,0,0,1,0,1,0,0,0,0,0,0,0,0,0,0,0,2022,11,7
SC,45,4,2022092201,0,0,0,0,0,1,0,0,0,0,0,0,0,0,0,0,0,0,0,2022,9,25
IL,17,5,2022081502,0,1,0,0,0,0,0,0,0,0,0,0,0,0,0,0,0,0,0,2022,7,25
FL,12,4,2022092201,0,0,0,0,0,1,0,0,0,0,0,0,0,0,0,0,0,0,0,2022,9,23
VA,51,3,2022072101,0,0,1,0,0,0,0,0,0,0,0,0,0,0,0,0,0,0,0,2022,7,13
FL,12,4,2022092201,0,0,0,0,0,1,0,0,0,0,0,0,0,0,0,0,0,0,0,2022,9,23
OK,40,6,2022081101,0,0,1,0,0,0,0,0,0,0,0,0,0,0,0,0,0,0,0,2022,5,2
AZ,4,9,2022081903,0,0,1,0,0,0,0,0,0,0,0,0,0,0,0,0,0,0,0,2022,7,17
MN,27,5,2022070501,0,0,1,0,0,0,0,0,0,0,0,0,0,0,0,0,0,0,0,2022,5,29
MO,29,7,2022072801,0,1,0,0,0,0,0,0,0,0,0,0,0,0,0,0,0,0,0,2022,7,25
SD,46,8,2022071302,0,0,1,0,0,0,0,0,0,0,0,0,0,0,0,0,0,0,0,2022,6,11
KY,21,4,2022072802,0,1,0,0,0,0,0,0,0,0,0,0,0,0,0,0,0,0,0,2022,7,26
NE,31,7,2022060701,0,0,1,0,0,0,0,0,0,0,0,0,0,0,0,0,0,0,0,2022,5,12
ND,38,8,2022062801,0,0,1,0,0,0,0,0,0,0,0,0,0,0,0,0,0,0,0,2022,4,22
MN,27,5,2022061601,0,1,0,0,0,0,0,0,0,0,0,0,0,0,0,0,0,0,0,2022,4,22
MN,27,5,2022051202,0,0,1,0,0,0,0,0,0,0,0,0,0,0,0,0,0,0,0,2022,5,8
OK,40,6,2022050501,0,0,1,0,0,0,0,0,0,0,0,0,0,0,0,0,0,0,0,2022,5,2
SD,46,8,2022052501,0,0,1,0,0,0,0,0,0,0,0,0,0,0,0,0,0,0,0,2022,5,12
MT,30,8,2022061501,0,1,0,0,0,0,0,0,0,0,0,0,0,0,0,0,0,0,0,2022,6,10
KS,20,7,2022033101,0,0,0,0,0,0,0,0,0,1,0,0,0,0,0,0,0,0,0,2022,3,17
MA,25,1,2022012801,0,0,0,0,0,0,0,0,0,1,0,0,0,0,0,0,0,0,0,2022,1,28
WA,53,10,2022010701,0,1,0,0,0,0,0,0,0,0,0,0,0,0,0,0,0,0,0,2021,12,26
ME,23,1,2021110501,0,0,0,0,0,0,0,0,0,0,1,0,0,0,0,0,0,0,0,2021,10,30
TN,47,4,2022020101,0,0,1,0,0,0,0,0,0,0,0,0,0,0,0,0,0,0,0,2022,2,3
VA,51,3,2022012101,0,0,1,0,0,0,0,0,0,0,0,0,0,0,0,0,0,0,0,2022,1,2
KY,21,4,2021123102,0,0,1,0,0,0,0,0,0,0,0,0,0,0,0,0,0,0,0,2021,12,31
IA,19,7,2022011101,0,0,1,0,0,0,0,0,0,0,0,0,0,0,0,0,0,0,0,2021,12,15
NE,31,7,2022011001,0,0,1,0,0,0,0,0,0,0,0,0,0,0,0,0,0,0,0,2021,12,15
KS,20,7,2022010301,0,0,1,0,0,0,0,0,0,0,0,0,0,0,0,0,0,0,0,2021,12,15
TN,47,4,2021121201,0,0,0,0,0,0,1,0,0,0,0,0,0,0,0,0,0,0,0,2021,12,10
MO,29,7,2021121603,0,0,1,0,0,0,0,0,0,0,0,0,0,0,0,0,0,0,0,2021,12,10
WA,53,10,2021111801,0,1,0,0,0,0,0,0,0,0,0,0,0,0,0,0,0,0,0,2021,11,5
CO,8,8,2022010101,1,0,0,0,0,0,0,0,0,0,0,0,0,0,0,0,0,0,0,2021,12,30
AR,5,6,2021121201,0,0,0,0,0,0,1,0,0,0,0,0,0,0,0,0,0,0,0,2021,12,10
AL,1,4,2021110401,0,0,1,0,0,0,0,0,0,0,0,0,0,0,0,0,0,0,0,2021,10,6
WA,53,10,2021071401,1,0,0,0,0,0,0,0,0,0,0,0,0,0,0,0,0,0,0,2021,7,12
KY,21,4,2021121201,0,0,0,0,0,0,1,0,0,0,0,0,0,0,0,0,0,0,0,2021,12,10
CT,9,1,2021082601,0,0,0,0,0,1,0,0,0,0,0,0,0,0,0,0,0,0,0,2021,9,1
VA,51,3,2021091401,0,1,0,0,0,0,0,0,0,0,0,0,0,0,0,0,0,0,0,2021,8,30
DE,10,3,2021082601,0,0,0,0,0,1,0,0,0,0,0,0,0,0,0,0,0,0,0,2021,9,1
MS,28,4,2021082601,0,0,0,0,0,1,0,0,0,0,0,0,0,0,0,0,0,0,0,2021,8,28
NY,36,2,2021080901,0,0,0,0,0,1,0,0,0,0,0,0,0,0,0,0,0,0,0,2021,8,18
NH,33,1,2021073001,0,1,0,0,0,0,0,0,0,0,0,0,0,0,0,0,0,0,0,2021,7,29
MT,30,8,2021092301,1,0,0,0,0,0,0,0,0,0,0,0,0,0,0,0,0,0,0,2021,8,8
NH,33,1,2021072802,0,0,1,0,0,0,0,0,0,0,0,0,0,0,0,0,0,0,0,2021,7,17
VT,50,1,2021073001,0,1,0,0,0,0,0,0,0,0,0,0,0,0,0,0,0,0,0,2021,7,29
AZ,4,9,2021081001,0,1,0,0,0,0,0,0,0,0,0,0,0,0,0,0,0,0,0,2021,7,22
CA,6,9,2021081801,1,0,0,0,0,0,0,0,0,0,0,0,0,0,0,0,0,0,0,2021,8,14
PA,42,3,2021082601,0,0,0,0,0,1,0,0,0,0,0,0,0,0,0,0,0,0,0,2021,8,31
NC,37,4,2021080901,0,0,0,0,0,1,0,0,0,0,0,0,0,0,0,0,0,0,0,2021,8,16
NE,31,7,2021072201,0,0,1,0,0,0,0,0,0,0,0,0,0,0,0,0,0,0,0,2021,7,9
NY,36,2,2021082601,0,0,0,0,0,1,0,0,0,0,0,0,0,0,0,0,0,0,0,2021,9,1
NJ,34,2,2021082601,0,0,0,0,0,1,0,0,0,0,0,0,0,0,0,0,0,0,0,2021,9,1
ND,38,8,2021081803,0,0,1,0,0,0,0,0,0,0,0,0,0,0,0,0,0,0,0,2021,6,7
MO,29,7,2021070701,0,0,1,0,0,0,0,0,0,0,0,0,0,0,0,0,0,0,0,2021,6,24
LA,22,6,2021082601,0,0,0,0,0,1,0,0,0,0,0,0,0,0,0,0,0,0,0,2021,8,26
CA,6,9,2021082401,1,0,0,0,0,0,0,0,0,0,0,0,0,0,0,0,0,0,0,2021,7,14
TN,47,4,2021082201,0,1,0,0,0,0,0,0,0,0,0,0,0,0,0,0,0,0,0,2021,8,21
MT,30,8,2021080201,0,0,0,0,0,0,0,0,0,0,0,0,0,0,0,0,1,0,0,2021,6,10
MI,26,5,2021071201,0,0,1,0,0,0,0,0,0,0,0,0,0,0,0,0,0,0,0,2021,6,25
LA,22,6,2021051801,0,1,0,0,0,0,0,0,0,0,0,0,0,0,0,0,0,0,0,2021,5,17
WV,54,3,2021040701,0,1,0,0,0,0,0,0,0,0,0,0,0,0,0,0,0,0,0,2021,2,27
VA,51,3,2016012101,0,0,0,0,0,0,0,0,0,1,0,0,0,0,0,0,0,0,0,2016,1,22
WV,54,3,2021021302,0,0,0,0,0,0,0,0,0,0,0,1,0,0,0,0,0,0,0,2021,2,10
VA,51,3,2021021302,0,0,0,0,0,0,0,0,0,0,0,1,0,0,0,0,0,0,0,2021,2,11
TN,47,4,2021031601,0,0,0,0,0,0,1,0,0,0,0,0,0,0,0,0,0,0,0,2021,3,25
GA,13,4,2021032401,0,0,1,0,0,0,0,0,0,0,0,0,0,0,0,0,0,0,0,2021,3,25
OR,41,10,2021021301,0,0,1,0,0,0,0,0,0,0,0,0,0,0,0,0,0,0,0,2021,2,11
MS,28,4,2021021302,0,0,0,0,0,0,0,0,0,0,0,1,0,0,0,0,0,0,0,2021,2,11
NJ,34,2,2021031202,0,0,0,0,0,0,0,0,0,1,0,0,0,0,0,0,0,0,0,2021,1,31
AL,1,4,2021032401,0,0,1,0,0,0,0,0,0,0,0,0,0,0,0,0,0,0,0,2021,3,25
KY,21,4,2021030301,0,1,0,0,0,0,0,0,0,0,0,0,0,0,0,0,0,0,0,2021,2,27
TN,47,4,2021021302,0,0,0,0,0,0,0,0,0,0,0,1,0,0,0,0,0,0,0,2021,2,11
WA,53,10,2021020901,0,0,1,0,0,0,0,0,0,0,0,0,0,0,0,0,0,0,0,2020,12,29
KY,21,4,2021021302,0,0,0,0,0,0,0,0,0,0,0,1,0,0,0,0,0,0,0,2021,2,8
ND,38,8,2017052301,0,1,0,0,0,0,0,0,0,0,0,0,0,0,0,0,0,0,0,2017,3,23
LA,22,6,2021021302,0,0,0,0,0,0,0,0,0,0,0,1,0,0,0,0,0,0,0,2021,2,11
NH,33,1,2018031201,0,0,0,0,0,0,0,0,0,1,0,0,0,0,0,0,0,0,0,2018,3,13
RI,44,1,2022012801,0,0,0,0,0,0,0,0,0,1,0,0,0,0,0,0,0,0,0,2022,1,28
OR,41,10,2024090201,1,0,0,0,0,0,0,0,0,0,0,0,0,0,0,0,0,0,0,2024,9,1
ID,16,10,2021020501,0,0,1,0,0,0,0,0,0,0,0,0,0,0,0,0,0,0,0,2021,1,13
NC,37,4,2020110501,0,0,1,0,0,0,0,0,0,0,0,0,0,0,0,0,0,0,0,2020,11,12
OK,40,6,2019061801,0,0,1,0,0,0,0,0,0,0,0,0,0,0,0,0,0,0,0,2019,5,7
OK,40,6,2021021302,0,0,0,0,0,0,0,0,0,0,0,1,0,0,0,0,0,0,0,2021,2,8
TX,48,6,2021021302,0,0,0,0,0,0,0,0,0,0,0,1,0,0,0,0,0,0,0,2021,2,11
OR,41,10,2024090803,1,0,0,0,0,0,0,0,0,0,0,0,0,0,0,0,0,0,0,2024,9,2
SC,45,4,2024072801,0,1,0,0,0,1,0,1,0,0,0,0,0,0,0,0,0,0,0,2024,8,4
WA,53,10,2020091802,1,0,0,0,0,0,0,0,0,0,0,0,0,0,0,0,0,0,0,2020,9,1
MD,24,3,2020072601,0,0,0,0,0,1,0,0,0,0,0,0,0,0,0,0,0,0,0,2020,8,3
CO,8,8,2020122301,1,0,0,0,0,0,0,0,0,0,0,0,0,0,0,0,0,0,0,2020,9,6
CT,9,1,2020072601,0,0,0,0,0,1,0,0,0,0,0,0,0,0,0,0,0,0,0,2020,8,4
GA,13,4,2020102601,0,0,0,0,0,1,0,0,0,0,0,0,0,0,0,0,0,0,0,2020,10,29
UT,49,8,2020091803,0,0,1,0,0,0,0,0,0,0,0,0,0,0,0,0,0,0,0,2020,9,7
LA,22,6,2020102601,0,0,0,0,0,1,0,0,0,0,0,0,0,0,0,0,0,0,0,2020,10,26
LA,22,6,2021082601,0,0,0,0,0,1,0,0,0,0,0,0,0,0,0,0,0,0,0,2021,8,26
MS,28,4,2020102601,0,0,0,0,0,1,0,0,0,0,0,0,0,0,0,0,0,0,0,2020,10,28
OK,40,6,2020102901,0,0,0,0,0,0,0,0,0,0,0,1,0,0,0,0,0,0,0,2020,10,26
NJ,34,2,2020072601,0,0,0,0,0,1,0,0,0,0,0,0,0,0,0,0,0,0,0,2020,8,4
AL,1,4,2020102601,0,0,0,0,0,1,0,0,0,0,0,0,0,0,0,0,0,0,0,2020,10,28
TX,48,6,2020081804,0,0,0,0,0,1,0,0,0,0,0,0,0,0,0,0,0,0,0,2020,8,23
LA,22,6,2020100501,0,0,0,0,0,1,0,0,0,0,0,0,0,0,0,0,0,0,0,2020,10,6
CA,6,9,2020100301,1,0,0,0,0,0,0,0,0,0,0,0,0,0,0,0,0,0,0,2020,9,4
NC,37,4,2020072601,0,0,0,0,0,1,0,0,0,0,0,0,0,0,0,0,0,0,0,2020,7,31
NY,36,2,2020072601,0,0,0,0,0,1,0,0,0,0,0,0,0,0,0,0,0,0,0,2020,8,4
DE,10,3,2020072601,0,0,0,0,0,1,0,0,0,0,0,0,0,0,0,0,0,0,0,2020,8,4
ND,38,8,2020082501,0,0,1,0,0,0,0,0,0,0,0,0,0,0,0,0,0,0,0,2020,6,29
FL,12,4,2020091301,0,0,0,0,0,1,0,0,0,0,0,0,0,0,0,0,0,0,0,2020,9,14
AL,1,4,2020091301,0,0,0,0,0,1,0,0,0,0,0,0,0,0,0,0,0,0,0,2020,9,14
OR,41,10,2020091303,1,0,0,0,0,0,0,0,0,0,0,0,0,0,0,0,0,0,0,2020,9,7
IA,19,7,2020081204,0,0,1,0,0,0,0,0,0,0,0,0,0,0,0,0,0,0,0,2020,8,10
LA,22,6,2020081804,0,0,0,0,0,1,0,0,0,0,0,0,0,0,0,0,0,0,0,2020,8,22
CA,6,9,2020082004,1,0,0,0,0,0,0,0,0,0,0,0,0,0,0,0,0,0,0,2020,8,14
IA,19,7,2020081204,0,0,1,0,0,0,0,0,0,0,0,0,0,0,0,0,0,0,0,2020,8,10
AR,5,6,2020042304,0,0,0,0,0,0,1,0,0,0,0,0,0,0,0,0,0,0,0,2020,4,12
AL,1,4,2020041101,0,0,1,0,0,0,0,0,0,0,0,0,0,0,0,0,0,0,0,2020,4,12
AL,1,4,2020041801,0,0,1,0,0,0,0,0,0,0,0,0,0,0,0,0,0,0,0,2020,4,19
ND,38,8,2020042901,0,1,0,0,0,0,0,0,0,0,0,0,0,0,0,0,0,0,0,2020,4,1
MS,28,4,2020042201,0,0,1,0,0,0,0,0,0,0,0,0,0,0,0,0,0,0,0,2020,4,22
TN,47,4,2020051402,0,0,1,0,0,0,0,0,0,0,0,0,0,0,0,0,0,0,0,2020,5,3
MI,26,5,2020052001,0,0,0,0,0,0,0,0,0,0,0,0,0,0,0,0,0,1,0,2020,5,16
AL,1,4,2020020701,0,0,1,0,0,0,0,0,0,0,0,0,0,0,0,0,0,0,0,2020,2,5
AR,5,6,2020033001,0,0,0,0,0,0,1,0,0,0,0,0,0,0,0,0,0,0,0,2020,3,28
NC,37,4,2020020701,0,0,1,0,0,0,0,0,0,0,0,0,0,0,0,0,0,0,0,2020,2,6
SC,45,4,2020041101,0,0,1,0,0,0,0,0,0,0,0,0,0,0,0,0,0,0,0,2020,4,12
TN,47,4,2020041101,0,0,1,0,0,0,0,0,0,0,0,0,0,0,0,0,0,0,0,2020,4,12
KY,21,4,2020020701,0,0,1,0,0,0,0,0,0,0,0,0,0,0,0,0,0,0,0,2020,2,3
WA,53,10,2020022001,0,1,0,0,0,0,0,0,0,0,0,0,0,0,0,0,0,0,0,2020,1,20
MS,28,4,2020020701,0,0,1,0,0,0,0,0,0,0,0,0,0,0,0,0,0,0,0,2020,2,10
MS,28,4,2020041101,0,0,1,0,0,0,0,0,0,0,0,0,0,0,0,0,0,0,0,2020,4,12
OR,41,10,2020021202,0,1,0,0,0,0,0,0,0,0,0,0,0,0,0,0,0,0,0,2020,2,5
SC,45,4,2020020701,0,0,1,0,0,0,0,0,0,0,0,0,0,0,0,0,0,0,0,2020,2,6
MS,28,4,2020010902,0,0,1,0,0,0,0,0,0,0,0,0,0,0,0,0,0,0,0,2020,1,10
WI,55,5,2020031101,0,1,0,0,0,0,0,0,0,0,0,0,0,0,0,0,0,0,0,2020,1,10
TN,47,4,2020030301,0,0,0,0,0,0,1,0,0,0,0,0,0,0,0,0,0,0,0,2020,3,3
ND,38,8,2019121601,0,1,0,0,0,0,0,0,0,0,0,0,0,0,0,0,0,0,0,2019,10,9
VT,50,1,2019110101,0,0,1,0,0,0,0,0,0,0,0,0,0,0,0,0,0,0,0,2019,10,31
NY,36,2,2019111001,0,0,1,0,0,0,0,0,0,0,0,0,0,0,0,0,0,0,0,2019,10,31
TN,47,4,2019110801,0,0,1,0,0,0,0,0,0,0,0,0,0,0,0,0,0,0,0,2019,10,26
MS,28,4,2019110801,0,0,1,0,0,0,0,0,0,0,0,0,0,0,0,0,0,0,0,2019,10,26
SD,46,8,2019101102,0,0,1,0,0,0,0,0,0,0,0,0,0,0,0,0,0,0,0,2019,9,9
FL,12,4,2019082401,0,0,0,0,0,1,0,0,0,0,0,0,0,0,0,0,0,0,0,2019,8,28
SD,46,8,2019082901,0,0,1,0,0,0,0,0,0,0,0,0,0,0,0,0,0,0,0,2019,6,30
TX,48,6,2019091902,0,1,0,0,0,0,0,0,0,0,0,0,0,0,0,0,0,0,0,2019,9,17
NC,37,4,2019082401,0,0,0,0,0,1,0,0,0,0,0,0,0,0,0,0,0,0,0,2019,9,1
SC,45,4,2019082401,0,0,0,0,0,1,0,0,0,0,0,0,0,0,0,0,0,0,0,2019,8,31
LA,22,6,2019052501,0,1,0,0,0,0,0,0,0,0,0,0,0,0,0,0,0,0,0,2019,5,10
IL,17,5,2019050201,0,1,0,0,0,0,0,0,0,0,0,0,0,0,0,0,0,0,0,2019,2,24
AR,5,6,2019072401,0,1,0,0,0,0,0,0,0,0,0,0,0,0,0,0,0,0,0,2019,6,23
WI,55,5,2019080502,0,1,0,0,0,0,0,0,0,0,0,0,0,0,0,0,0,0,0,2019,7,18
LA,22,6,2019070902,0,0,0,0,0,1,0,0,0,0,0,0,0,0,0,0,0,0,0,2019,7,10
NH,33,1,2019071901,0,0,1,0,0,0,0,0,0,0,0,0,0,0,0,0,0,0,0,2019,7,11
WV,54,3,2019070901,0,1,0,0,0,0,0,0,0,0,0,0,0,0,0,0,0,0,0,2019,6,29
TX,48,6,2019062601,0,1,0,0,0,0,0,0,0,0,0,0,0,0,0,0,0,0,0,2019,6,24
OK,40,6,2019070301,0,0,1,0,0,0,0,0,0,0,0,0,0,0,0,0,0,0,0,2019,4,30
OR,41,10,2019050801,0,1,0,0,0,0,0,0,0,0,0,0,0,0,0,0,0,0,0,2019,4,6
MO,29,7,2019062402,0,0,1,0,0,0,0,0,0,0,0,0,0,0,0,0,0,0,0,2019,4,29
KS,20,7,2019052002,0,0,1,0,0,0,0,0,0,0,0,0,0,0,0,0,0,0,0,2019,4,28
SD,46,8,2019061201,0,0,1,0,0,0,0,0,0,0,0,0,0,0,0,0,0,0,0,2019,3,13
OH,39,5,2019060602,0,0,0,0,0,0,1,0,0,0,0,0,0,0,0,0,0,0,0,2019,5,27
NE,31,7,2019031901,0,1,0,0,0,0,0,0,0,0,0,0,0,0,0,0,0,0,0,2019,3,13
VT,50,1,2019041901,0,1,0,0,0,0,0,0,0,0,0,0,0,0,0,0,0,0,0,2019,4,15
ND,38,8,2019052801,0,1,0,0,0,0,0,0,0,0,0,0,0,0,0,0,0,0,0,2019,3,21
ID,16,10,2019050101,0,1,0,0,0,0,0,0,0,0,0,0,0,0,0,0,0,0,0,2019,4,7
MN,27,5,2019052301,0,1,0,0,0,0,0,0,0,0,0,0,0,0,0,0,0,0,0,2019,3,12
AR,5,6,2019052601,0,1,0,0,0,0,0,0,0,0,0,0,0,0,0,0,0,0,0,2019,5,21
LA,22,6,2019042501,0,0,1,0,0,0,0,0,0,0,0,0,0,0,0,0,0,0,0,2019,4,24
OK,40,6,2019043001,0,0,1,0,0,0,0,0,0,0,0,0,0,0,0,0,0,0,0,2019,5,7
AZ,4,9,2019032901,0,0,1,0,0,0,0,0,0,0,0,0,0,0,0,0,0,0,0,2019,2,21
MO,29,7,2019040501,0,1,0,0,0,0,0,0,0,0,0,0,0,0,0,0,0,0,0,2019,3,11
CA,6,9,2019031104,0,0,1,0,0,0,0,0,0,0,0,0,0,0,0,0,0,0,0,2019,2,24
OR,41,10,2019032701,0,0,1,0,0,0,0,0,0,0,0,0,0,0,0,0,0,0,0,2019,2,23
CA,6,9,2019031103,0,0,1,0,0,0,0,0,0,0,0,0,0,0,0,0,0,0,0,2019,2,13
IA,19,7,2019032201,0,1,0,0,0,0,0,0,0,0,0,0,0,0,0,0,0,0,0,2019,3,13
MS,28,4,2019022201,0,0,1,0,0,0,0,0,0,0,0,0,0,0,0,0,0,0,0,2019,2,22
KY,21,4,2019022201,0,0,1,0,0,0,0,0,0,0,0,0,0,0,0,0,0,0,0,2019,2,6
TN,47,4,2019022201,0,1,0,0,0,0,0,0,0,0,0,0,0,0,0,0,0,0,0,2019,2,19
AL,1,4,2019022201,0,0,1,0,0,0,0,0,0,0,0,0,0,0,0,0,0,0,0,2019,2,19
CA,6,9,2019031102,0,0,1,0,0,0,0,0,0,0,0,0,0,0,0,0,0,0,0,2019,2,14
OH,39,5,2019031502,0,1,0,0,0,0,0,0,0,0,0,0,0,0,0,0,0,0,0,2019,2,5
CA,6,9,2019031101,0,0,1,0,0,0,0,0,0,0,0,0,0,0,0,0,0,0,0,2019,2,14
CA,6,9,2019022001,0,0,1,0,0,0,0,0,0,0,0,0,0,0,0,0,0,0,0,2019,2,14
IA,19,7,2019032201,0,1,0,0,0,0,0,0,0,0,0,0,0,0,0,0,0,0,0,2019,3,12
NE,31,7,2019031901,0,1,0,0,0,0,0,0,0,0,0,0,0,0,0,0,0,0,0,2019,3,9
AL,1,4,2019030401,0,0,0,0,0,0,1,0,0,0,0,0,0,0,0,0,0,0,0,2019,3,3
WA,53,10,2019012901,0,0,1,0,0,0,0,0,0,0,0,0,0,0,0,0,0,0,0,2018,12,10
TX,48,6,2018101701,0,1,0,0,0,0,0,0,0,0,0,0,0,0,0,0,0,0,0,2018,9,10
MS,28,4,2018122801,0,0,1,0,0,0,0,0,0,0,0,0,0,0,0,0,0,0,0,2018,12,27
MN,27,5,2018110201,0,1,0,0,0,0,0,0,0,0,0,0,0,0,0,0,0,0,0,2018,10,9
NC,37,4,2018100601,0,0,0,0,0,1,0,0,0,0,0,0,0,0,0,0,0,0,0,2018,10,10
VA,51,3,2018100601,0,0,0,0,0,1,0,0,0,0,0,0,0,0,0,0,0,0,0,2018,10,9
CT,9,1,2018100401,0,0,1,0,0,0,0,0,0,0,0,0,0,0,0,0,0,0,0,2018,9,25
AZ,4,9,2018111601,0,0,1,0,0,0,0,0,0,0,0,0,0,0,0,0,0,0,0,2018,10,1
PA,42,3,2018101502,0,0,1,0,0,0,0,0,0,0,0,0,0,0,0,0,0,0,0,2018,8,10
CA,6,9,2018110903,1,0,0,0,0,0,0,0,0,0,0,0,0,0,0,0,0,0,0,2018,11,8
AL,1,4,2018100601,0,0,0,0,0,1,0,0,0,0,0,0,0,0,0,0,0,0,0,2018,10,10
KS,20,7,2018092001,0,0,1,0,0,0,0,0,0,0,0,0,0,0,0,0,0,0,0,2018,9,1
WI,55,5,2018082801,0,1,0,0,0,0,0,0,0,0,0,0,0,0,0,0,0,0,0,2018,8,17
VA,51,3,2018090602,0,0,0,0,0,1,0,0,0,0,0,0,0,0,0,0,0,0,0,2018,9,8
GA,13,4,2018100601,0,0,0,0,0,1,0,0,0,0,0,0,0,0,0,0,0,0,0,2018,10,9
FL,12,4,2018100601,0,0,0,0,0,1,0,0,0,0,0,0,0,0,0,0,0,0,0,2018,10,7
NY,36,2,2018090501,0,1,0,0,0,0,0,0,0,0,0,0,0,0,0,0,0,0,0,2018,8,13
SC,45,4,2018090602,0,0,0,0,0,1,0,0,0,0,0,0,0,0,0,0,0,0,0,2018,9,8
NC,37,4,2018090602,0,0,0,0,0,1,0,0,0,0,0,0,0,0,0,0,0,0,0,2018,9,7
IA,19,7,2018080402,0,0,1,0,0,0,0,0,0,0,0,0,0,0,0,0,0,0,0,2018,7,19
MN,27,5,2018081102,0,1,0,0,0,0,0,0,0,0,0,0,0,0,0,0,0,0,0,2018,6,15
AZ,4,9,2018071501,0,1,0,0,0,0,0,0,0,0,0,0,0,0,0,0,0,0,0,2018,7,11
NE,31,7,2018071804,0,0,1,0,0,0,0,0,0,0,0,0,0,0,0,0,0,0,0,2018,6,17
CT,9,1,2018060701,0,0,0,0,0,0,1,0,0,0,0,0,0,0,0,0,0,0,0,2018,5,15
WA,53,10,2018071201,0,1,0,0,0,0,0,0,0,0,0,0,0,0,0,0,0,0,0,2018,5,5
WI,55,5,2018071803,0,1,0,0,0,0,0,0,0,0,0,0,0,0,0,0,0,0,0,2018,6,15
CA,6,9,2018072401,1,0,0,0,0,0,0,0,0,0,0,0,0,0,0,0,0,0,0,2018,7,23
MI,26,5,2018071802,0,1,0,0,0,0,0,0,0,0,0,0,0,0,0,0,0,0,0,2018,6,16
VT,50,1,2018052401,0,0,1,0,0,0,0,0,0,0,0,0,0,0,0,0,0,0,0,2018,5,4
MA,25,1,2018031201,0,0,0,0,0,0,0,0,0,1,0,0,0,0,0,0,0,0,0,2018,3,13
WV,54,3,2018061301,0,0,1,0,0,0,0,0,0,0,0,0,0,0,0,0,0,0,0,2018,5,28
TX,48,6,2018062202,0,1,0,0,0,0,0,0,0,0,0,0,0,0,0,0,0,0,0,2018,6,19
MD,24,3,2018052901,0,1,0,0,0,0,0,0,0,0,0,0,0,0,0,0,0,0,0,2018,5,27
NE,31,7,2018042501,0,0,0,0,0,0,0,0,0,1,0,0,0,0,0,0,0,0,0,2018,4,13
MD,24,3,2018052102,0,0,1,0,0,0,0,0,0,0,0,0,0,0,0,0,0,0,0,2018,5,15
MA,25,1,2018030201,0,0,1,0,0,0,0,0,0,0,0,0,0,0,0,0,0,0,0,2018,3,2
NH,33,1,2018030201,0,0,0,0,0,0,0,0,0,0,1,0,0,0,0,0,0,0,0,2018,3,2
NJ,34,2,2018042601,0,0,1,0,0,0,0,0,0,0,0,0,0,0,0,0,0,0,0,2018,3,6
ME,23,1,2018030201,0,0,0,0,0,0,0,0,0,0,1,0,0,0,0,0,0,0,0,2018,3,2
NC,37,4,2018041901,0,0,1,0,0,0,0,0,0,0,0,0,0,0,0,0,0,0,0,2018,4,15
IN,18,5,2018022302,0,1,0,0,0,0,0,0,0,0,0,0,0,0,0,0,0,0,0,2018,2,14
AL,1,4,2018031901,0,0,1,0,0,0,0,0,0,0,0,0,0,0,0,0,0,0,0,2018,3,19
KY,21,4,2018022601,0,1,0,0,0,0,0,0,0,0,0,0,0,0,0,0,0,0,0,2018,2,21
OH,39,5,2018022303,0,1,0,0,0,0,0,0,0,0,0,0,0,0,0,0,0,0,0,2018,2,14
WV,54,3,2018022002,0,0,0,0,0,0,0,0,1,0,0,0,0,0,0,0,0,0,0,2018,2,14
KY,21,4,2018022001,0,1,0,0,0,0,0,0,0,0,0,0,0,0,0,0,0,0,0,2018,2,9
VT,50,1,2017103102,0,0,1,0,0,0,0,0,0,0,0,0,0,0,0,0,0,0,0,2017,10,29
NH,33,1,2017103102,0,0,1,0,0,0,0,0,0,0,0,0,0,0,0,0,0,0,0,2017,10,29
ME,23,1,2017103102,0,0,1,0,0,0,0,0,0,0,0,0,0,0,0,0,0,0,0,2017,10,29
CA,6,9,2017120802,1,0,0,0,0,0,0,0,0,0,0,0,0,0,0,0,0,0,0,2017,12,4
NM,35,6,2017110602,0,1,0,0,0,0,0,0,0,0,0,0,0,0,0,0,0,0,0,2017,10,4
MS,28,4,2017100401,0,0,0,0,0,1,0,0,0,0,0,0,0,0,0,0,0,0,0,2017,10,6
AL,1,4,2017100401,0,0,0,0,0,1,0,0,0,0,0,0,0,0,0,0,0,0,0,2017,10,6
NY,36,2,2017071201,0,1,0,0,0,0,0,0,0,0,0,0,0,0,0,0,0,0,0,2017,5,2
SC,45,4,2017083101,0,0,0,0,0,1,0,0,0,0,0,0,0,0,0,0,0,0,0,2017,9,6
CA,6,9,2017100901,1,0,0,0,0,0,0,0,0,0,0,0,0,0,0,0,0,0,0,2017,10,8
WI,55,5,2017081601,0,0,1,0,0,0,0,0,0,0,0,0,0,0,0,0,0,0,0,2017,7,19
ID,16,10,2017062301,0,1,0,0,0,0,0,0,0,0,0,0,0,0,0,0,0,0,0,2017,3,29
FL,12,4,2017083101,0,0,0,0,0,1,0,0,0,0,0,0,0,0,0,0,0,0,0,2017,9,4
GA,13,4,2017083101,0,0,0,0,0,1,0,0,0,0,0,0,0,0,0,0,0,0,0,2017,9,7
FL,12,4,2017083101,0,0,0,0,0,1,0,0,0,0,0,0,0,0,0,0,0,0,0,2017,9,4
IA,19,7,2017072802,0,0,1,0,0,0,0,0,0,0,0,0,0,0,0,0,0,0,0,2017,7,19
ID,16,10,2017062302,0,1,0,0,0,0,0,0,0,0,0,0,0,0,0,0,0,0,0,2017,5,6
TX,48,6,2017082301,0,0,0,0,0,1,0,0,0,0,0,0,0,0,0,0,0,0,0,2017,8,23
VT,50,1,2017070301,0,0,1,0,0,0,0,0,0,0,0,0,0,0,0,0,0,0,0,2017,6,29
NH,33,1,2017070301,0,0,1,0,0,0,0,0,0,0,0,0,0,0,0,0,0,0,0,2017,7,1
WY,56,8,2017062601,0,1,0,0,0,0,0,0,0,0,0,0,0,0,0,0,0,0,0,2017,6,7
MI,26,5,2017071001,0,0,1,0,0,0,0,0,0,0,0,0,0,0,0,0,0,0,0,2017,6,22
NE,31,7,2017062201,0,0,1,0,0,0,0,0,0,0,0,0,0,0,0,0,0,0,0,2017,6,12
OK,40,6,2017052201,0,0,0,0,0,0,1,0,0,0,0,0,0,0,0,0,0,0,0,2017,5,16
NE,31,7,2017052601,0,0,1,0,0,0,0,0,0,0,0,0,0,0,0,0,0,0,0,2017,4,29
TN,47,4,2017060501,0,0,1,0,0,0,0,0,0,0,0,0,0,0,0,0,0,0,0,2017,5,27
KS,20,7,2017050401,0,0,0,0,0,0,0,0,0,1,0,0,0,0,0,0,0,0,0,2017,4,28
AR,5,6,2017050902,0,0,1,0,0,0,0,0,0,0,0,0,0,0,0,0,0,0,0,2017,4,26
MO,29,7,2017042901,0,1,0,0,0,0,0,0,0,0,0,0,0,0,0,0,0,0,0,2017,4,28
NH,33,1,2017031301,0,0,1,0,0,0,0,0,0,0,0,0,0,0,0,0,0,0,0,2017,3,14
OK,40,6,2017050403,0,0,1,0,0,0,0,0,0,0,0,0,0,0,0,0,0,0,0,2017,4,28
MS,28,4,2017050501,0,0,1,0,0,0,0,0,0,0,0,0,0,0,0,0,0,0,0,2017,4,30
ID,16,10,2017041401,0,1,0,0,0,0,0,0,0,0,0,0,0,0,0,0,0,0,0,2017,3,6
UT,49,8,2017033101,0,1,0,0,0,0,0,0,0,0,0,0,0,0,0,0,0,0,0,2017,2,7
ID,16,10,2017030709,0,1,0,0,0,0,0,0,0,0,0,0,0,0,0,0,0,0,0,2017,2,5
WA,53,10,2017031101,0,1,0,0,0,0,0,0,0,0,0,0,0,0,0,0,0,0,0,2017,1,30
CA,6,9,2017020901,0,1,0,0,0,0,0,0,0,0,0,0,0,0,0,0,0,0,0,2017,2,1
NV,32,9,2017020901,0,0,1,0,0,0,0,0,0,0,0,0,0,0,0,0,0,0,0,2017,2,5
WY,56,8,2017030707,0,0,1,0,0,0,0,0,0,0,0,0,0,0,0,0,0,0,0,2017,2,6
CA,6,9,2017021701,0,1,0,0,0,0,0,0,0,0,0,0,0,0,0,0,0,0,0,2017,1,18
KS,20,7,2017011102,0,0,0,0,0,0,0,0,0,0,0,1,0,0,0,0,0,0,0,2017,1,13
NV,32,9,2017010501,0,0,1,0,0,0,0,0,0,0,0,0,0,0,0,0,0,0,0,2017,1,5
CA,6,9,2017010402,0,0,1,0,0,0,0,0,0,0,0,0,0,0,0,0,0,0,0,2017,1,3
CA,6,9,2017010501,0,0,1,0,0,0,0,0,0,0,0,0,0,0,0,0,0,0,0,2017,1,3
OK,40,6,2017011101,0,0,1,0,0,0,0,0,0,0,0,0,0,0,0,0,0,0,0,2017,1,13
SD,46,8,2016122801,0,0,1,0,0,0,0,0,0,0,0,0,0,0,0,0,0,0,0,2016,12,24
GA,13,4,2017012001,0,0,0,0,0,0,1,0,0,0,0,0,0,0,0,0,0,0,0,2017,1,21
OR,41,10,2017010601,0,0,1,0,0,0,0,0,0,0,0,0,0,0,0,0,0,0,0,2016,12,14
MS,28,4,2017012001,0,0,0,0,0,0,1,0,0,0,0,0,0,0,0,0,0,0,0,2017,1,20
GA,13,4,2017010901,0,0,1,0,0,0,0,0,0,0,0,0,0,0,0,0,0,0,0,2017,1,2
TN,47,4,2016121001,1,0,0,0,0,0,0,0,0,0,0,0,0,0,0,0,0,0,0,2016,11,28
PA,42,3,2016110202,0,1,0,0,0,0,0,0,0,0,0,0,0,0,0,0,0,0,0,2016,10,20
VA,51,3,2016092802,0,0,0,0,0,1,0,0,0,0,0,0,0,0,0,0,0,0,0,2016,10,7
MN,27,5,2016100502,0,1,0,0,0,0,0,0,0,0,0,0,0,0,0,0,0,0,0,2016,9,21
WI,55,5,2016100501,0,1,0,0,0,0,0,0,0,0,0,0,0,0,0,0,0,0,0,2016,9,21
KS,20,7,2016092701,0,0,1,0,0,0,0,0,0,0,0,0,0,0,0,0,0,0,0,2016,9,2
SC,45,4,2016092802,0,0,0,0,0,1,0,0,0,0,0,0,0,0,0,0,0,0,0,2016,10,4
NC,37,4,2016092802,0,0,0,0,0,1,0,0,0,0,0,0,0,0,0,0,0,0,0,2016,10,4
GA,13,4,2016092802,0,0,0,0,0,1,0,0,0,0,0,0,0,0,0,0,0,0,0,2016,10,4
FL,12,4,2016092802,0,0,0,0,0,1,0,0,0,0,0,0,0,0,0,0,0,0,0,2016,10,3
IA,19,7,2016090901,0,1,0,0,0,0,0,0,0,0,0,0,0,0,0,0,0,0,0,2016,8,23
FL,12,4,2016082401,0,0,0,0,0,1,0,0,0,0,0,0,0,0,0,0,0,0,0,2016,8,31
ID,16,10,2024072602,1,0,0,0,0,0,0,0,0,0,0,0,0,0,0,0,0,0,0,2024,7,25
LA,22,6,2016081301,0,1,0,0,0,0,0,0,0,0,0,0,0,0,0,0,0,0,0,2016,8,11
WI,55,5,2016072102,0,0,1,0,0,0,0,0,0,0,0,0,0,0,0,0,0,0,0,2016,7,11
MT,30,8,2016072101,0,0,0,0,0,0,1,0,0,0,0,0,0,0,0,0,0,0,0,2016,6,11
OK,40,6,2016071002,0,1,0,0,0,0,0,0,0,0,0,0,0,0,0,0,0,0,0,2016,6,11
WV,54,3,2016062402,0,1,0,0,0,0,0,0,0,0,0,0,0,0,0,0,0,0,0,2016,6,22
TX,48,6,2016061101,0,1,0,0,0,0,0,0,0,0,0,0,0,0,0,0,0,0,0,2016,5,22
MT,30,8,2016051002,0,0,1,0,0,0,0,0,0,0,0,0,0,0,0,0,0,0,0,2016,4,15
AR,5,6,2016031801,0,0,1,0,0,0,0,0,0,0,0,0,0,0,0,0,0,0,0,2016,3,8
TX,48,6,2016042501,0,1,0,0,0,0,0,0,0,0,0,0,0,0,0,0,0,0,0,2016,4,17
PA,42,3,2016012101,0,0,0,0,0,0,0,0,0,1,0,0,0,0,0,0,0,0,0,2016,1,22
TX,48,6,2016031401,0,1,0,0,0,0,0,0,0,0,0,0,0,0,0,0,0,0,0,2016,3,7
WA,53,10,2015091601,0,0,1,0,0,0,0,0,0,0,0,0,0,0,0,0,0,0,0,2015,8,29
WA,53,10,2012072301,0,0,1,0,0,0,0,0,0,0,0,0,0,0,0,0,0,0,0,2012,7,20
WA,53,10,2024072501,1,0,0,0,0,0,0,0,0,0,0,0,0,0,0,0,0,0,0,2024,7,17
WA,53,10,2024072302,1,0,0,0,0,0,0,0,0,0,0,0,0,0,0,0,0,0,0,2024,7,22
ID,16,10,2024071702,1,0,0,0,0,0,0,0,0,0,0,0,0,0,0,0,0,0,0,2024,7,15
WA,53,10,2024062301,1,0,0,0,0,0,0,0,0,0,0,0,0,0,0,0,0,0,0,2024,6,22
DE,10,3,2016012101,0,0,0,0,0,0,0,0,0,1,0,0,0,0,0,0,0,0,0,2016,1,22
LA,22,6,2016031101,0,1,0,0,0,0,0,0,0,0,0,0,0,0,0,0,0,0,0,2016,3,8
MD,24,3,2016012101,0,0,0,0,0,0,0,0,0,1,0,0,0,0,0,0,0,0,0,2016,1,22
OR,41,10,2016010801,0,0,1,0,0,0,0,0,0,0,0,0,0,0,0,0,0,0,0,2015,12,6
OK,40,6,2016012901,0,0,1,0,0,0,0,0,0,0,0,0,0,0,0,0,0,0,0,2015,12,26
TX,48,6,2016010401,0,0,1,0,0,0,0,0,0,0,0,0,0,0,0,0,0,0,0,2015,12,26
AR,5,6,2016012701,0,0,1,0,0,0,0,0,0,0,0,0,0,0,0,0,0,0,0,2015,12,26
WA,53,10,2015121001,0,1,0,0,0,0,0,0,0,0,0,0,0,0,0,0,0,0,0,2015,12,1
ID,16,10,2016011301,0,0,1,0,0,0,0,0,0,0,0,0,0,0,0,0,0,0,0,2015,12,16
MO,29,7,2015122901,0,1,0,0,0,0,0,0,0,0,0,0,0,0,0,0,0,0,0,2015,12,23
WA,53,10,2015111901,0,0,1,0,0,0,0,0,0,0,0,0,0,0,0,0,0,0,0,2015,11,12
MS,28,4,2015122301,0,0,1,0,0,0,0,0,0,0,0,0,0,0,0,0,0,0,0,2015,12,23
OK,40,6,2015121801,0,0,0,0,0,0,0,0,0,0,0,1,0,0,0,0,0,0,0,2015,11,27
ID,16,10,2015120201,0,0,1,0,0,0,0,0,0,0,0,0,0,0,0,0,0,0,0,2015,11,17
TX,48,6,2015112001,0,0,1,0,0,0,0,0,0,0,0,0,0,0,0,0,0,0,0,2015,10,22
WA,53,10,2015092101,1,0,0,0,0,0,0,0,0,0,0,0,0,0,0,0,0,0,0,2015,8,9
WA,53,10,2024072601,1,0,0,0,0,0,0,0,0,0,0,0,0,0,0,0,0,0,0,2024,7,25
SC,45,4,2015093001,0,1,0,0,0,0,0,0,0,0,0,0,0,0,0,0,0,0,0,2015,10,1
CA,6,9,2015091301,1,0,0,0,0,0,0,0,0,0,0,0,0,0,0,0,0,0,0,2015,9,9
KY,21,4,2015071201,0,0,1,0,0,0,0,0,0,0,0,0,0,0,0,0,0,0,0,2015,7,11
MO,29,7,2015050801,0,0,1,0,0,0,0,0,0,0,0,0,0,0,0,0,0,0,0,2015,5,15
SD,46,8,2015072302,0,0,1,0,0,0,0,0,0,0,0,0,0,0,0,0,0,0,0,2015,5,8
WV,54,3,2015072802,0,0,1,0,0,0,0,0,0,0,0,0,0,0,0,0,0,0,0,2015,7,10
IA,19,7,2015063001,0,0,1,0,0,0,0,0,0,0,0,0,0,0,0,0,0,0,0,2015,6,20
SD,46,8,2015070602,0,0,1,0,0,0,0,0,0,0,0,0,0,0,0,0,0,0,0,2015,6,17
VT,50,1,2015062401,0,0,1,0,0,0,0,0,0,0,0,0,0,0,0,0,0,0,0,2015,6,9
NJ,34,2,2015062601,0,0,1,0,0,0,0,0,0,0,0,0,0,0,0,0,0,0,0,2015,6,23
KS,20,7,2015052901,0,0,1,0,0,0,0,0,0,0,0,0,0,0,0,0,0,0,0,2015,5,4
CO,8,8,2015052702,0,1,0,0,0,0,0,0,0,0,0,0,0,0,0,0,0,0,0,2015,5,4
LA,22,6,2015062501,0,1,0,0,0,0,0,0,0,0,0,0,0,0,0,0,0,0,0,2015,5,18
WY,56,8,2015060401,0,1,0,0,0,0,0,0,0,0,0,0,0,0,0,0,0,0,0,2015,5,24
AR,5,6,2015061101,0,0,1,0,0,0,0,0,0,0,0,0,0,0,0,0,0,0,0,2015,5,7
TX,48,6,2015050805,0,0,1,0,0,0,0,0,0,0,0,0,0,0,0,0,0,0,0,2015,5,4
OR,41,10,2023082401,1,0,0,0,0,0,0,0,0,0,0,0,0,0,0,0,0,0,0,2023,8,23
OR,41,10,2023072401,1,0,0,0,0,0,0,0,0,0,0,0,0,0,0,0,0,0,0,2023,7,22
NM,35,6,2024061802,1,0,0,0,0,0,0,0,0,0,0,0,0,0,0,0,0,0,0,2024,6,17
NM,35,6,2024061801,1,0,0,0,0,0,0,0,0,0,0,0,0,0,0,0,0,0,0,2024,6,17
WV,54,3,2015051201,0,1,0,0,0,0,0,0,0,0,0,0,0,0,0,0,0,0,0,2015,4,13
WV,54,3,2015051203,0,1,0,0,0,0,0,0,0,0,0,0,0,0,0,0,0,0,0,2015,4,8
WV,54,3,2015050401,0,0,1,0,0,0,0,0,0,0,0,0,0,0,0,0,0,0,0,2015,4,3
KY,21,4,2015030301,0,1,0,0,0,0,0,0,0,0,0,0,0,0,0,0,0,0,0,2015,3,3
KY,21,4,2015040901,0,1,0,0,0,0,0,0,0,0,0,0,0,0,0,0,0,0,0,2015,4,2
KY,21,4,2015021401,0,0,0,0,0,0,0,0,0,1,0,0,0,0,0,0,0,0,0,2015,2,15
WA,53,10,2014032201,0,0,0,0,0,0,0,0,1,0,0,0,0,0,0,0,0,0,0,2014,3,22
OR,41,10,2020090909,1,0,0,0,0,0,0,0,0,0,0,0,0,0,0,0,0,0,0,2020,9,8
GA,13,4,2015021401,0,0,0,0,0,0,0,0,0,0,0,1,0,0,0,0,0,0,0,2015,2,15
MA,25,1,2015012601,0,0,1,0,0,0,0,0,0,0,0,0,0,0,0,0,0,0,0,2015,1,26
CT,9,1,2015021102,0,0,1,0,0,0,0,0,0,0,0,0,0,0,0,0,0,0,0,2015,1,26
RI,44,1,2015021103,0,0,1,0,0,0,0,0,0,0,0,0,0,0,0,0,0,0,0,2015,1,26
TN,47,4,2015021401,0,0,0,0,0,0,0,0,0,0,0,1,0,0,0,0,0,0,0,2015,2,15
WV,54,3,2015031001,0,0,1,0,0,0,0,0,0,0,0,0,0,0,0,0,0,0,0,2015,3,3
NH,33,1,2015021101,0,0,1,0,0,0,0,0,0,0,0,0,0,0,0,0,0,0,0,2015,1,26
ME,23,1,2015021104,0,0,0,0,0,0,0,0,0,1,0,0,0,0,0,0,0,0,0,2015,1,26
VT,50,1,2014121501,0,0,1,0,0,0,0,0,0,0,0,0,0,0,0,0,0,0,0,2014,12,9
CA,6,9,2014121901,0,1,0,0,0,0,0,0,0,0,0,0,0,0,0,0,0,0,0,2014,12,4
MS,28,4,2014122401,0,0,0,0,0,0,1,0,0,0,0,0,0,0,0,0,0,0,0,2014,12,23
NY,36,2,2014112101,0,0,0,0,0,0,0,0,0,1,0,0,0,0,0,0,0,0,0,2014,11,17
AZ,4,9,2014090905,0,1,0,0,0,0,0,0,0,0,0,0,0,0,0,0,0,0,0,2014,9,7
NV,32,9,2014090906,0,1,0,0,0,0,0,0,0,0,0,0,0,0,0,0,0,0,0,2014,9,7
MO,29,7,2014090902,0,0,1,0,0,0,0,0,0,0,0,0,0,0,0,0,0,0,0,2014,9,9
NM,35,6,2014102301,0,0,1,0,0,0,0,0,0,0,0,0,0,0,0,0,0,0,0,2014,9,15
MT,30,8,2014090801,0,0,1,0,0,0,0,0,0,0,0,0,0,0,0,0,0,0,0,2014,8,21
NM,35,6,2014093001,0,0,1,0,0,0,0,0,0,0,0,0,0,0,0,0,0,0,0,2014,7,27
KY,21,4,2014090802,0,0,1,0,0,0,0,0,0,0,0,0,0,0,0,0,0,0,0,2014,8,18
NE,31,7,2015050802,0,0,1,0,0,0,0,0,0,0,0,0,0,0,0,0,0,0,0,2015,5,6
ND,38,8,2014081301,0,1,0,0,0,0,0,0,0,0,0,0,0,0,0,0,0,0,0,2014,6,25
TN,47,4,2014071001,0,0,1,0,0,0,0,0,0,0,0,0,0,0,0,0,0,0,0,2014,6,5
WA,53,10,2014072203,1,0,0,0,0,0,0,0,0,0,0,0,0,0,0,0,0,0,0,2014,7,9
IA,19,7,2014070902,0,0,1,0,0,0,0,0,0,0,0,0,0,0,0,0,0,0,0,2014,6,26
SD,46,8,2014061802,0,1,0,0,0,0,0,0,0,0,0,0,0,0,0,0,0,0,0,2014,6,13
NE,31,7,2014070101,0,0,1,0,0,0,0,0,0,0,0,0,0,0,0,0,0,0,0,2014,6,1
IA,19,7,2014062401,0,1,0,0,0,0,0,0,0,0,0,0,0,0,0,0,0,0,0,2014,6,14
NE,31,7,2014061701,0,0,1,0,0,0,0,0,0,0,0,0,0,0,0,0,0,0,0,2014,6,14
MN,27,5,2014061901,0,1,0,0,0,0,0,0,0,0,0,0,0,0,0,0,0,0,0,2014,6,11
IA,19,7,2014061201,0,0,1,0,0,0,0,0,0,0,0,0,0,0,0,0,0,0,0,2014,6,3
NY,36,2,2014052901,0,0,1,0,0,0,0,0,0,0,0,0,0,0,0,0,0,0,0,2014,5,13
NE,31,7,2014051202,0,0,0,0,0,0,1,0,0,0,0,0,0,0,0,0,0,0,0,2014,5,11
VT,50,1,2014041501,0,1,0,0,0,0,0,0,0,0,0,0,0,0,0,0,0,0,0,2014,4,15
FL,12,4,2014042501,0,0,1,0,0,0,0,0,0,0,0,0,0,0,0,0,0,0,0,2014,4,28
MS,28,4,2014042501,0,0,1,0,0,0,0,0,0,0,0,0,0,0,0,0,0,0,0,2014,4,28
AR,5,6,2014042802,0,0,1,0,0,0,0,0,0,0,0,0,0,0,0,0,0,0,0,2014,4,27
IN,18,5,2014021901,0,0,1,0,0,0,0,0,0,0,0,0,0,0,0,0,0,0,0,2014,1,5
MT,30,8,2014032401,0,1,0,0,0,0,0,0,0,0,0,0,0,0,0,0,0,0,0,2014,3,1
TN,47,4,2014022802,0,0,0,0,0,0,0,0,0,0,0,1,0,0,0,0,0,0,0,2014,3,2
MD,24,3,2014021103,0,0,1,0,0,0,0,0,0,0,0,0,0,0,0,0,0,0,0,2014,2,12
OR,41,10,2014030601,0,0,1,0,0,0,0,0,0,0,0,0,0,0,0,0,0,0,0,2014,2,6
NC,37,4,2014022802,0,0,0,0,0,0,0,0,0,0,0,1,0,0,0,0,0,0,0,2014,3,6
SC,45,4,2014020901,0,0,0,0,0,0,0,0,0,0,0,1,0,0,0,0,0,0,0,2014,2,10
GA,13,4,2014020901,0,0,0,0,0,0,0,0,0,0,0,1,0,0,0,0,0,0,0,2014,2,10
OK,40,6,2014012201,0,0,1,0,0,0,0,0,0,0,0,0,0,0,0,0,0,0,0,2013,12,5
VT,50,1,2013122601,0,0,0,0,0,0,0,0,0,0,0,1,0,0,0,0,0,0,0,2013,12,20
AR,5,6,2013120404,0,0,0,0,0,0,0,0,0,0,0,1,0,0,0,0,0,0,0,2013,12,5
TX,48,6,2013121301,0,0,1,0,0,0,0,0,0,0,0,0,0,0,0,0,0,0,0,2013,10,30
CA,6,9,2013082401,1,0,0,0,0,0,0,0,0,0,0,0,0,0,0,0,0,0,0,2013,8,17
NE,31,7,2013102201,0,0,1,0,0,0,0,0,0,0,0,0,0,0,0,0,0,0,0,2013,10,2
SD,46,8,2013110101,0,0,1,0,0,0,0,0,0,0,0,0,0,0,0,0,0,0,0,2013,10,3
ND,38,8,2013102401,0,0,1,0,0,0,0,0,0,0,0,0,0,0,0,0,0,0,0,2013,10,4
NC,37,4,2013102901,0,1,0,0,0,0,0,0,0,0,0,0,0,0,0,0,0,0,0,2013,7,27
NM,35,6,2013102202,0,1,0,0,0,0,0,0,0,0,0,0,0,0,0,0,0,0,0,2013,9,9
NM,35,6,2013101701,0,0,1,0,0,0,0,0,0,0,0,0,0,0,0,0,0,0,0,2013,9,13
KS,20,7,2013080603,0,0,1,0,0,0,0,0,0,0,0,0,0,0,0,0,0,0,0,2013,7,22
PA,42,3,2013072601,0,0,1,0,0,0,0,0,0,0,0,0,0,0,0,0,0,0,0,2013,6,26
NM,35,6,2013091901,0,0,1,0,0,0,0,0,0,0,0,0,0,0,0,0,0,0,0,2013,7,23
NM,35,6,2013091701,0,0,1,0,0,0,0,0,0,0,0,0,0,0,0,0,0,0,0,2013,7,19
NC,37,4,2013070201,0,1,0,0,0,0,0,0,0,0,0,0,0,0,0,0,0,0,0,2013,7,3
CO,8,8,2013091201,0,1,0,0,0,0,0,0,0,0,0,0,0,0,0,0,0,0,0,2013,9,11
MO,29,7,2013080602,0,0,1,0,0,0,0,0,0,0,0,0,0,0,0,0,0,0,0,2013,8,2
AR,5,6,2013082801,0,0,1,0,0,0,0,0,0,0,0,0,0,0,0,0,0,0,0,2013,8,8
CA,6,9,2013082601,1,0,0,0,0,0,0,0,0,0,0,0,0,0,0,0,0,0,0,2013,7,29
WI,55,5,2013073101,0,0,1,0,0,0,0,0,0,0,0,0,0,0,0,0,0,0,0,2013,6,20
VT,50,1,2013070202,0,1,0,0,0,0,0,0,0,0,0,0,0,0,0,0,0,0,0,2013,6,25
NH,33,1,2013070202,0,0,1,0,0,0,0,0,0,0,0,0,0,0,0,0,0,0,0,2013,6,26
FL,12,4,2013070201,0,0,1,0,0,0,0,0,0,0,0,0,0,0,0,0,0,0,0,2013,7,2
SD,46,8,2013072401,0,0,1,0,0,0,0,0,0,0,0,0,0,0,0,0,0,0,0,2013,6,19
TX,48,6,2013051701,0,0,0,0,0,0,0,0,0,0,0,0,0,0,0,0,1,0,0,2013,4,17
IA,19,7,2013070302,0,0,1,0,0,0,0,0,0,0,0,0,0,0,0,0,0,0,0,2013,6,21
CO,8,8,2013061201,1,0,0,0,0,0,0,0,0,0,0,0,0,0,0,0,0,0,0,2013,6,11
CO,8,8,2013061202,1,0,0,0,0,0,0,0,0,0,0,0,0,0,0,0,0,0,0,2013,6,11
WV,54,3,2013062702,0,1,0,0,0,0,0,0,0,0,0,0,0,0,0,0,0,0,0,2013,6,13
MN,27,5,2013071802,0,0,1,0,0,0,0,0,0,0,0,0,0,0,0,0,0,0,0,2013,6,20
MO,29,7,2013060301,0,0,1,0,0,0,0,0,0,0,0,0,0,0,0,0,0,0,0,2013,5,29
NY,36,2,2013070101,0,1,0,0,0,0,0,0,0,0,0,0,0,0,0,0,0,0,0,2013,6,26
ND,38,8,2013070902,0,0,1,0,0,0,0,0,0,0,0,0,0,0,0,0,0,0,0,2013,5,17
MT,30,8,2013070102,0,1,0,0,0,0,0,0,0,0,0,0,0,0,0,0,0,0,0,2013,5,19
IA,19,7,2013052801,0,0,1,0,0,0,0,0,0,0,0,0,0,0,0,0,0,0,0,2013,5,19
SD,46,8,2013062801,0,0,1,0,0,0,0,0,0,0,0,0,0,0,0,0,0,0,0,2013,5,24
AR,5,6,2013061801,0,0,1,0,0,0,0,0,0,0,0,0,0,0,0,0,0,0,0,2013,5,30
ND,38,8,2013062502,0,1,0,0,0,0,0,0,0,0,0,0,0,0,0,0,0,0,0,2013,5,25
MI,26,5,2013051001,0,1,0,0,0,0,0,0,0,0,0,0,0,0,0,0,0,0,0,2013,4,16
VT,50,1,2013052402,0,1,0,0,0,0,0,0,0,0,0,0,0,0,0,0,0,0,0,2013,5,22
IA,19,7,2013050601,0,1,0,0,0,0,0,0,0,0,0,0,0,0,0,0,0,0,0,2013,4,17
ND,38,8,2013041203,0,1,0,0,0,0,0,0,0,0,0,0,0,0,0,0,0,0,0,2013,4,22
IL,17,5,2013041803,0,1,0,0,0,0,0,0,0,0,0,0,0,0,0,0,0,0,0,2013,4,16
SD,46,8,2013050701,0,0,1,0,0,0,0,0,0,0,0,0,0,0,0,0,0,0,0,2013,4,8
IA,19,7,2013041202,0,0,1,0,0,0,0,0,0,0,0,0,0,0,0,0,0,0,0,2013,4,9
MN,27,5,2013042602,0,0,1,0,0,0,0,0,0,0,0,0,0,0,0,0,0,0,0,2013,4,9
KS,20,7,2013021901,0,0,0,0,0,0,0,0,0,1,0,0,0,0,0,0,0,0,0,2013,2,20
NY,36,2,2013020802,0,0,1,0,0,0,0,0,0,0,0,0,0,0,0,0,0,0,0,2013,2,8
MA,25,1,2013020801,0,0,1,0,0,0,0,0,0,0,0,0,0,0,0,0,0,0,0,2013,2,8
OK,40,6,2013032801,0,0,1,0,0,0,0,0,0,0,0,0,0,0,0,0,0,0,0,2013,2,24
ME,23,1,2013020801,0,0,1,0,0,0,0,0,0,0,0,0,0,0,0,0,0,0,0,2013,2,8
RI,44,1,2013020801,0,0,1,0,0,0,0,0,0,0,0,0,0,0,0,0,0,0,0,2013,2,8
CT,9,1,2013020801,0,0,1,0,0,0,0,0,0,0,0,0,0,0,0,0,0,0,0,2013,2,8
NH,33,1,2013020801,0,0,1,0,0,0,0,0,0,0,0,0,0,0,0,0,0,0,0,2013,2,8
CT,9,1,2021081902,0,0,0,0,0,1,0,0,0,0,0,0,0,0,0,0,0,0,0,2021,8,21
LA,22,6,2013021501,0,0,1,0,0,0,0,0,0,0,0,0,0,0,0,0,0,0,0,2013,1,8
AR,5,6,2013011701,0,0,0,0,0,0,0,0,0,0,0,1,0,0,0,0,0,0,0,2012,12,25
PA,42,3,2012102505,0,0,0,0,0,1,0,0,0,0,0,0,0,0,0,0,0,0,0,2012,10,26
OH,39,5,2012102505,0,0,0,0,0,1,0,0,0,0,0,0,0,0,0,0,0,0,0,2012,10,29
MA,25,1,2012102505,0,0,0,0,0,1,0,0,0,0,0,0,0,0,0,0,0,0,0,2012,10,27
NH,33,1,2012102506,0,0,0,0,0,1,0,0,0,0,0,0,0,0,0,0,0,0,0,2012,10,26
WV,54,3,2012102505,0,0,0,0,0,1,0,0,0,0,0,0,0,0,0,0,0,0,0,2012,10,29
VA,51,3,2012102505,0,0,0,0,0,1,0,0,0,0,0,0,0,0,0,0,0,0,0,2012,10,26
MD,24,3,2012102505,0,0,0,0,0,1,0,0,0,0,0,0,0,0,0,0,0,0,0,2012,10,26
DE,10,3,2012102505,0,0,0,0,0,1,0,0,0,0,0,0,0,0,0,0,0,0,0,2012,10,27
AL,1,4,2014042501,0,0,1,0,0,0,0,0,0,0,0,0,0,0,0,0,0,0,0,2014,4,28
UT,49,8,2012101101,0,1,0,0,0,0,0,0,0,0,0,0,0,0,0,0,0,0,0,2012,9,11
CT,9,1,2012102505,0,0,0,0,0,1,0,0,0,0,0,0,0,0,0,0,0,0,0,2012,10,27
NJ,34,2,2012102505,0,0,0,0,0,1,0,0,0,0,0,0,0,0,0,0,0,0,0,2012,10,26
NY,36,2,2012102505,0,0,0,0,0,1,0,0,0,0,0,0,0,0,0,0,0,0,0,2012,10,27
FL,12,4,2012082201,0,0,0,0,0,1,0,0,0,0,0,0,0,0,0,0,0,0,0,2012,8,27
AL,1,4,2012082201,0,0,0,0,0,1,0,0,0,0,0,0,0,0,0,0,0,0,0,2012,8,26
MS,28,4,2012082201,0,0,0,0,0,1,0,0,0,0,0,0,0,0,0,0,0,0,0,2012,8,26
LA,22,6,2012082601,0,0,0,0,0,1,0,0,0,0,0,0,0,0,0,0,0,0,0,2012,8,26
OK,40,6,2018042401,1,0,0,0,0,0,0,0,0,0,0,0,0,0,0,0,0,0,0,2018,4,11
NM,35,6,2012081301,0,1,0,0,0,0,0,0,0,0,0,0,0,0,0,0,0,0,0,2012,6,22
OK,40,6,2012081402,1,0,0,0,0,0,0,0,0,0,0,0,0,0,0,0,0,0,0,2012,8,3
OH,39,5,2012063005,0,0,1,0,0,0,0,0,0,0,0,0,0,0,0,0,0,0,0,2012,6,29
WI,55,5,2012072501,0,0,1,0,0,0,0,0,0,0,0,0,0,0,0,0,0,0,0,2012,6,19
MD,24,3,2012070304,0,0,1,0,0,0,0,0,0,0,0,0,0,0,0,0,0,0,0,2012,6,29
MT,30,8,2012080102,1,0,0,0,0,0,0,0,0,0,0,0,0,0,0,0,0,0,0,2012,6,25
VA,51,3,2012072001,0,0,1,0,0,0,0,0,0,0,0,0,0,0,0,0,0,0,0,2012,6,29
WV,54,3,2012063004,0,0,1,0,0,0,0,0,0,0,0,0,0,0,0,0,0,0,0,2012,6,29
NJ,34,2,2012070501,0,0,1,0,0,0,0,0,0,0,0,0,0,0,0,0,0,0,0,2012,6,30
MN,27,5,2012070203,0,0,1,0,0,0,0,0,0,0,0,0,0,0,0,0,0,0,0,2012,6,14
FL,12,4,2012062501,0,0,1,0,0,0,0,0,0,0,0,0,0,0,0,0,0,0,0,2012,6,23
CO,8,8,2012062802,1,0,0,0,0,0,0,0,0,0,0,0,0,0,0,0,0,0,0,2012,6,9
VT,50,1,2012060201,0,0,1,0,0,0,1,0,0,0,0,0,0,0,0,0,0,0,0,2012,5,29
NH,33,1,2012060201,0,0,1,0,0,0,0,0,0,0,0,0,0,0,0,0,0,0,0,2012,5,29
OK,40,6,2012052201,0,0,1,0,0,0,0,0,0,0,0,0,0,0,0,0,0,0,0,2012,4,28
KS,20,7,2012041401,0,0,1,0,0,0,0,0,0,0,0,0,0,0,0,0,0,0,0,2012,4,14
WV,54,3,2012031601,0,1,1,0,0,0,0,0,0,0,0,0,0,0,0,0,0,0,0,2012,3,15
TN,47,4,2012022901,0,0,1,0,0,0,1,0,0,0,0,0,0,0,0,0,0,0,0,2012,2,29
WV,54,3,2012030603,0,0,1,0,0,0,1,0,0,0,0,0,0,0,0,0,0,0,0,2012,2,29
IN,18,5,2012030301,0,0,1,0,0,0,0,0,0,0,0,0,0,0,0,0,0,0,0,2012,2,29
KY,21,4,2012022901,0,0,1,0,0,0,0,0,0,0,0,0,0,0,0,0,0,0,0,2012,2,29
OR,41,10,2012012001,0,1,0,0,0,0,0,0,0,0,0,0,0,0,0,0,0,0,0,2012,1,17
AL,1,4,2012012301,0,0,1,0,0,0,0,0,0,0,0,0,0,0,0,0,0,0,0,2012,1,22
NY,36,2,2024082401,0,1,1,1,0,0,0,1,0,0,0,0,0,0,0,0,0,0,0,2024,8,18
OK,40,6,2019112702,1,0,0,0,0,0,0,0,0,0,0,0,0,0,0,0,0,0,0,2019,11,26
MD,24,3,2016080201,0,1,0,0,0,0,0,0,0,0,0,0,0,0,0,0,0,0,0,2016,7,30
NY,36,2,2017031302,0,0,0,0,0,0,0,0,0,1,0,0,0,0,0,0,0,0,0,2017,3,14
FL,12,4,2021080901,0,0,0,0,0,1,0,0,0,0,0,0,0,0,0,0,0,0,0,2021,8,13
SD,46,8,2019092402,0,1,0,0,0,0,0,0,0,0,0,0,0,0,0,0,0,0,0,2019,5,21
SD,46,8,2019031801,0,1,0,0,0,0,0,0,0,0,0,0,0,0,0,0,0,0,0,2019,3,13
FL,12,4,2024072801,0,0,0,0,0,1,0,1,0,0,0,0,0,0,0,0,0,0,0,2024,8,1
FL,12,4,2024092301,0,1,1,1,0,0,0,1,0,0,0,0,0,0,0,0,0,0,0,2024,9,23
NC,37,4,2013020401,0,0,0,0,0,0,0,0,1,0,0,0,0,0,0,0,0,0,0,2013,1,14
FL,12,4,2022110701,0,0,0,0,0,1,0,1,0,0,0,0,0,0,0,0,0,0,0,2022,11,7
FL,12,4,2022110701,0,0,0,0,0,1,0,1,0,0,0,0,0,0,0,0,0,0,0,2022,11,7
NC,37,4,2022092201,0,0,0,0,0,1,0,0,0,0,0,0,0,0,0,0,0,0,0,2022,9,28
FL,12,4,2022092201,0,0,0,0,0,1,0,0,0,0,0,0,0,0,0,0,0,0,0,2022,9,23
NC,37,4,2020072601,0,0,0,0,0,1,0,0,0,0,0,0,0,0,0,0,0,0,0,2020,7,31
NC,37,4,2019082401,0,0,0,0,0,1,0,0,0,0,0,0,0,0,0,0,0,0,0,2019,9,1
SC,45,4,2019082401,0,0,0,0,0,1,0,0,0,0,0,0,0,0,0,0,0,0,0,2019,8,31
NC,37,4,2018090602,0,0,0,0,0,1,0,0,0,0,0,0,0,0,0,0,0,0,0,2018,9,7
SC,45,4,2018090602,0,0,0,0,0,1,0,0,0,0,0,0,0,0,0,0,0,0,0,2018,9,8
SC,45,4,2017083101,0,0,0,0,0,1,0,0,0,0,0,0,0,0,0,0,0,0,0,2017,9,6
SC,45,4,2016092802,0,0,0,0,0,1,0,0,0,0,0,0,0,0,0,0,0,0,0,2016,10,4
SC,45,4,2015093001,0,0,1,0,0,0,0,0,0,0,0,0,0,0,0,0,0,0,0,2015,10,1
IA,19,7,2018071301,0,0,1,0,0,0,0,0,0,0,0,0,0,0,0,0,0,0,0,2018,6,6
IA,19,7,2016092301,0,1,0,0,0,0,0,0,0,0,0,0,0,0,0,0,0,0,0,2016,9,21
GA,13,4,2019082401,0,0,0,0,0,1,0,0,0,0,0,0,0,0,0,0,0,0,0,2019,8,29
FL,12,4,2019082401,0,0,0,0,0,1,0,0,0,0,0,0,0,0,0,0,0,0,0,2019,8,28
TX,48,6,2021121602,1,0,0,0,0,0,0,0,0,0,0,0,0,0,0,0,0,0,0,2021,12,15
MI,26,5,2014082601,0,1,0,0,0,0,0,0,0,0,0,0,0,0,0,0,0,0,0,2014,8,11
WV,54,3,2017072901,0,0,1,0,0,0,0,0,0,0,0,0,0,0,0,0,0,0,0,2017,7,28
SC,45,4,2024072801,0,1,0,0,0,1,1,1,0,0,0,0,0,0,0,0,0,0,0,2024,8,4
WA,53,10,2024072001,1,0,0,0,0,0,0,0,0,0,0,0,0,0,0,0,0,0,0,2024,6,22
AZ,4,9,2024071201,1,0,0,0,0,0,0,0,0,0,0,0,0,0,0,0,0,0,0,2024,7,10
MT,30,8,2018103101,0,1,0,0,0,0,0,0,0,0,0,0,0,0,0,0,0,0,0,2018,5,1
MT,30,8,2018041902,0,1,0,0,0,0,0,0,0,0,0,0,0,0,0,0,0,0,0,2018,4,12
VT,50,1,2021081902,0,0,0,0,0,1,0,0,0,0,0,0,0,0,0,0,0,0,0,2021,8,22
MA,25,1,2021081902,0,0,0,0,0,1,0,0,0,0,0,0,0,0,0,0,0,0,0,2021,8,20
FL,12,4,2024100501,0,0,0,0,0,1,0,0,0,0,0,0,0,0,0,0,0,0,0,2024,10,5
FL,12,4,2024100501,0,0,0,0,0,1,0,0,0,0,0,0,0,0,0,0,0,0,1,2024,10,5
VT,50,1,2024072801,0,0,0,0,0,0,0,1,0,0,0,0,0,0,0,0,0,0,1,2024,8,8
NC,37,4,2024072801,0,0,0,0,0,0,0,1,0,0,0,0,0,0,0,0,0,0,0,2024,8,5
SC,45,4,2016111202,1,0,0,0,0,0,0,0,0,0,0,0,0,0,0,0,0,0,0,2016,11,12
CT,9,1,2024102401,1,0,0,0,0,0,0,0,0,0,0,0,0,0,0,0,0,0,0,2024,10,21
VA,51,3,2024092301,0,0,0,0,0,0,0,1,0,0,0,0,0,0,0,0,0,0,0,2024,9,25
WA,53,10,2012012003,0,0,1,0,0,0,0,0,0,0,0,0,0,0,0,0,0,0,0,2012,1,14
OK,40,6,2024103002,1,0,0,0,0,0,0,0,0,0,0,0,0,0,0,0,0,0,0,2024,10,29
OK,40,6,2024103001,1,0,0,0,0,0,0,0,0,0,0,0,0,0,0,0,0,0,0,2024,10,29
CO,8,8,2020090702,1,0,0,0,0,0,0,0,0,0,0,0,0,0,0,0,0,0,0,2020,9,6
LA,22,6,2023092201,0,0,0,0,0,0,0,0,0,0,0,0,0,0,0,0,1,0,0,2023,9,20
MA,25,1,2023090401,0,0,0,0,0,1,0,0,0,0,0,0,0,0,0,0,0,0,0,2023,9,15
SC,45,4,2023082403,0,1,0,0,0,1,0,1,0,0,0,0,0,0,0,0,0,0,0,2023,8,29
FL,12,4,2023082403,0,0,1,0,0,0,0,1,0,0,0,0,0,0,0,0,0,0,0,2023,8,27
VT,50,1,2023071001,0,1,0,0,0,0,0,0,0,0,0,0,0,0,0,0,0,0,0,2023,7,9
ME,23,1,2023090401,0,0,0,0,0,1,0,0,0,0,0,0,0,0,0,0,0,0,0,2023,9,15
NY,36,2,2022111901,0,0,0,0,1,0,0,0,0,1,0,0,0,0,0,0,0,0,0,2022,11,18
SC,45,4,2022092201,0,0,0,0,0,1,0,0,0,0,0,0,0,0,0,0,0,0,0,2022,9,25
MS,28,4,2022083001,0,0,0,0,0,0,0,0,0,0,0,0,0,0,0,0,1,0,0,2022,8,30
IL,17,5,2021121401,0,0,0,0,0,0,1,0,0,0,0,0,0,0,0,0,0,0,0,2021,12,10
TN,47,4,2021121201,0,0,0,0,0,0,1,0,0,0,0,0,0,0,0,0,0,0,0,2021,12,10
KY,21,4,2021121201,0,0,0,0,0,0,1,0,0,0,0,0,0,0,0,0,0,0,0,2021,12,10
LA,22,6,2021091001,0,0,0,0,0,0,0,0,0,0,1,0,0,0,0,0,0,0,0,2021,9,12
NJ,34,2,2021082601,0,0,0,0,0,1,0,0,0,0,0,0,0,0,0,0,0,0,0,2021,9,1
NY,36,2,2021082601,0,0,0,0,0,1,0,0,0,0,0,0,0,0,0,0,0,0,0,2021,9,1
CA,6,9,2021081801,1,0,0,0,0,0,0,0,0,0,0,0,0,0,0,0,0,0,0,2021,8,14
MS,28,4,2021082601,0,0,0,0,0,1,0,0,0,0,0,0,0,0,0,0,0,0,0,2021,8,28
NY,36,2,2021081902,0,0,0,0,0,1,0,0,0,0,0,0,0,0,0,0,0,0,0,2021,8,21
FL,12,4,2021070101,0,0,1,0,0,0,0,0,0,0,0,0,0,0,0,0,0,0,0,2021,7,4
FL,12,4,2021062401,0,0,0,0,0,0,0,0,0,0,0,0,0,0,0,0,1,0,0,2021,6,24
LA,22,6,2021021302,0,0,0,0,0,0,0,0,0,0,0,1,0,0,0,0,0,0,0,2021,2,11
OK,40,6,2021021302,0,0,0,0,0,0,0,0,0,0,0,1,0,0,0,0,0,0,0,2021,2,8
TX,48,6,2021021302,0,0,0,0,0,0,0,0,0,0,0,1,0,0,0,0,0,0,0,2021,2,11
TN,47,4,2020122601,0,0,0,0,0,0,0,0,0,0,0,0,0,0,0,0,1,0,0,2020,12,25
FL,12,4,2020110501,0,0,0,0,0,1,0,0,0,0,0,0,0,0,0,0,0,0,0,2020,11,7
MS,28,4,2020102601,0,0,0,0,0,1,0,0,0,0,0,0,0,0,0,0,0,0,0,2020,10,27
LA,22,6,2020102601,0,0,0,0,0,1,0,0,0,0,0,0,0,0,0,0,0,0,0,2020,10,26
MS,28,4,2020100501,0,0,0,0,0,1,0,0,0,0,0,0,0,0,0,0,0,0,0,2020,10,7
LA,22,6,2020100501,0,0,0,0,0,1,0,0,0,0,0,0,0,0,0,0,0,0,0,2020,10,6
FL,12,4,2020091301,0,0,0,0,0,1,0,0,0,0,0,0,0,0,0,0,0,0,0,2020,9,14
AL,1,4,2020091301,0,0,0,0,0,1,0,0,0,0,0,0,0,0,0,0,0,0,0,2020,9,14
MS,28,4,2020091301,0,0,0,0,0,1,0,0,0,0,0,0,0,0,0,0,0,0,0,2020,9,14
AR,5,6,2020081804,0,0,0,0,0,1,0,0,0,0,0,0,0,0,0,0,0,0,0,2020,8,26
TX,48,6,2020081804,0,0,0,0,0,1,0,0,0,0,0,0,0,0,0,0,0,0,0,2020,8,23
MS,28,4,2020081804,0,0,0,0,0,1,0,0,0,0,0,0,0,0,0,0,0,0,0,2020,8,23
LA,22,6,2020081804,0,0,0,0,0,1,0,0,0,0,0,0,0,0,0,0,0,0,0,2020,8,22
CT,9,1,2020072601,0,0,0,0,0,1,0,0,0,0,0,0,0,0,0,0,0,0,0,2020,8,4
FL,12,4,2020072601,0,0,0,0,0,1,0,0,0,0,0,0,0,0,0,0,0,0,0,2020,7,31
TX,48,6,2020072502,0,0,0,0,0,1,0,0,0,0,0,0,0,0,0,0,0,0,0,2020,7,25
LA,22,6,2020060302,0,0,0,0,0,0,0,0,0,0,1,0,0,0,0,0,0,0,0,2020,6,5
MI,26,5,2020052001,0,0,0,0,0,0,0,0,0,0,0,0,0,0,0,0,0,1,0,2020,5,16
OR,41,10,2018080201,1,0,0,0,0,0,0,0,0,0,0,0,0,0,0,0,0,0,0,2018,8,1
OR,41,10,2018071902,1,0,0,0,0,0,0,0,0,0,0,0,0,0,0,0,0,0,0,2018,7,18
OR,41,10,2018071901,1,0,0,0,0,0,0,0,0,0,0,0,0,0,0,0,0,0,0,2018,7,17
FL,12,4,2019082401,0,0,0,0,0,1,0,0,0,0,0,0,0,0,0,0,0,0,0,2019,8,28
LA,22,6,2019070902,0,0,0,0,0,0,0,0,0,0,1,0,0,0,0,0,0,0,0,2019,7,10
AR,5,6,2019052601,0,1,0,0,0,0,0,0,0,0,0,0,0,0,0,0,0,0,0,2019,5,21
LA,22,6,2019052501,0,1,0,0,0,0,0,0,0,0,0,0,0,0,0,0,0,0,0,2019,5,10
KS,20,7,2019052002,0,0,1,0,0,0,0,0,0,0,0,0,0,0,0,0,0,0,0,2019,5,9
OK,40,6,2019043001,0,1,0,0,0,0,0,0,0,0,0,0,0,0,0,0,0,0,0,2019,5,7
CA,6,9,2018110903,1,0,0,0,0,0,0,0,0,0,0,0,0,0,0,0,0,0,0,2018,11,8
AL,1,4,2018100601,0,0,0,0,0,1,0,0,0,0,0,0,0,0,0,0,0,0,0,2018,10,10
GA,13,4,2018100601,0,0,0,0,0,1,0,0,0,0,0,0,0,0,0,0,0,0,0,2018,10,9
FL,12,4,2018100601,0,0,0,0,0,1,0,0,0,0,0,0,0,0,0,0,0,0,0,2018,10,7
VA,51,3,2018090602,0,0,0,0,0,1,0,0,0,0,0,0,0,0,0,0,0,0,0,2018,9,13
CA,6,9,2018072401,1,0,0,0,0,0,0,0,0,0,0,0,0,0,0,0,0,0,0,2018,7,23
CA,6,9,2017120802,1,0,0,0,0,0,0,0,0,0,0,0,0,0,0,0,0,0,0,2017,12,4
FL,12,4,2017100401,0,0,0,0,0,1,0,0,0,0,0,0,0,0,0,0,0,0,0,2017,10,7
AL,1,4,2017100401,0,0,0,0,0,1,0,0,0,0,0,0,0,0,0,0,0,0,0,2017,10,6
MS,28,4,2017100401,0,0,0,0,0,1,0,0,0,0,0,0,0,0,0,0,0,0,0,2017,10,6
AL,1,4,2017083101,0,0,0,0,0,1,0,0,0,0,0,0,0,0,0,0,0,0,0,2017,9,8
FL,12,4,2017083101,0,0,0,0,0,1,0,0,0,0,0,0,0,0,0,0,0,0,0,2017,9,4
GA,13,4,2017083101,0,0,0,0,0,1,0,0,0,0,0,0,0,0,0,0,0,0,0,2017,9,7
FL,12,4,2017083101,0,0,0,0,0,1,0,0,0,0,0,0,0,0,0,0,0,0,0,2017,9,4
LA,22,6,2017082301,0,0,0,0,0,1,0,0,0,0,0,0,0,0,0,0,0,0,0,2017,8,27
CA,6,9,2017021301,0,0,0,0,0,0,0,0,0,0,0,0,0,0,0,0,0,1,0,2017,2,7
NC,37,4,2016092802,0,0,0,0,0,1,0,0,0,0,0,0,0,0,0,0,0,0,0,2016,10,4
GA,13,4,2016092802,0,0,0,0,0,1,0,0,0,0,0,0,0,0,0,0,0,0,0,2016,10,4
FL,12,4,2016092802,0,0,0,0,0,1,0,0,0,0,0,0,0,0,0,0,0,0,0,2016,10,3
LA,22,6,2015123101,0,1,0,0,0,0,0,0,0,0,0,0,0,0,0,0,0,0,0,2015,12,28
MO,29,7,2015122901,0,1,0,0,0,0,0,0,0,0,0,0,0,0,0,0,0,0,0,2015,12,22
WA,53,10,2015082102,1,0,0,0,0,0,0,0,0,0,0,0,0,0,0,0,0,0,0,2015,8,13
WA,53,10,2014071703,1,0,0,0,0,0,0,0,0,0,0,0,0,0,0,0,0,0,0,2014,7,9
WA,53,10,2014032201,0,0,0,0,0,0,0,0,1,0,0,0,0,0,0,0,0,0,0,2014,3,22
SC,45,4,2014020901,0,0,0,0,0,0,0,0,0,0,0,1,0,0,0,0,0,0,0,2014,2,10
GA,13,4,2014020901,0,0,0,0,0,0,0,0,0,0,0,1,0,0,0,0,0,0,0,2014,2,10
PA,42,3,2014020501,0,0,0,0,0,0,0,0,0,0,0,1,0,0,0,0,0,0,0,2014,2,4
VA,51,3,2024092301,0,0,0,0,0,0,0,1,0,0,0,0,0,0,0,0,0,0,0,2024,9,25
CO,8,8,2013091201,0,1,0,0,0,0,0,0,0,0,0,0,0,0,0,0,0,0,0,2013,9,11
ND,38,8,2013041203,0,1,0,0,0,0,0,0,0,0,0,0,0,0,0,0,0,0,0,2013,4,22
TX,48,6,2013041901,0,0,0,0,0,0,0,0,0,0,0,0,0,0,0,0,1,0,0,2013,4,17
CT,9,1,2013020801,0,0,1,0,0,0,0,0,0,0,0,0,0,0,0,0,0,0,0,2013,2,8
NH,33,1,2012102505,0,0,0,0,0,1,0,0,0,0,0,0,0,0,0,0,0,0,0,2012,10,26
VA,51,3,2012102505,0,0,0,0,0,1,0,0,0,0,0,0,0,0,0,0,0,0,0,2012,10,26
WV,54,3,2012102505,0,0,0,0,0,1,0,0,0,0,0,0,0,0,0,0,0,0,0,2012,10,29
DE,10,3,2012102505,0,0,0,0,0,1,0,0,0,0,0,0,0,0,0,0,0,0,0,2012,10,27
PA,42,3,2012102505,0,0,0,0,0,1,0,0,0,0,0,0,0,0,0,0,0,0,0,2012,10,26
RI,44,1,2012102505,0,0,0,0,0,1,0,0,0,0,0,0,0,0,0,0,0,0,0,2012,10,26
NJ,34,2,2012102505,0,0,0,0,0,1,0,0,0,0,0,0,0,0,0,0,0,0,0,2012,10,26
CT,9,1,2012102505,0,0,0,0,0,1,0,0,0,0,0,0,0,0,0,0,0,0,0,2012,10,27
NY,36,2,2012102505,0,0,0,0,0,1,0,0,0,0,0,0,0,0,0,0,0,0,0,2012,10,27
MA,25,1,2012102505,0,0,0,0,0,1,0,0,0,0,0,0,0,0,0,0,0,0,0,2012,10,27
MD,24,3,2012102505,0,0,0,0,0,1,0,0,0,0,0,0,0,0,0,0,0,0,0,2012,10,26
MS,28,4,2012082201,0,0,0,0,0,1,0,0,0,0,0,0,0,0,0,0,0,0,0,2012,8,26
LA,22,6,2012082601,0,0,0,0,0,1,0,0,0,0,0,0,0,0,0,0,0,0,0,2012,8,26
OH,39,5,2012063005,0,0,1,0,0,0,0,0,0,0,0,0,0,0,0,0,0,0,0,2012,6,29
WV,54,3,2012063004,0,0,1,0,0,0,0,0,0,0,0,0,0,0,0,0,0,0,0,2012,6,29
NM,35,6,2024102301,0,1,0,0,0,0,0,0,0,0,0,0,0,0,0,0,0,0,0,2024,10,19
TN,47,4,2024092301,0,0,1,0,0,0,0,1,0,0,0,0,0,0,0,0,0,0,0,2024,9,26
PA,42,3,2024072801,0,1,0,0,0,0,0,1,0,0,0,0,0,0,0,0,0,0,0,2024,8,9
WY,56,8,2024100102,1,0,0,0,0,0,0,0,0,0,0,0,0,0,0,0,0,0,0,2024,8,21
AZ,4,9,2024093001,0,1,0,0,0,0,0,0,0,0,0,0,0,0,0,0,0,0,0,2024,8,22
OR,41,10,2018090302,1,0,0,0,0,0,0,0,0,0,0,0,0,0,0,0,0,0,0,2018,9,2
OR,41,10,2018082501,1,0,0,0,0,0,0,0,0,0,0,0,0,0,0,0,0,0,0,2018,8,23
FL,12,4,2024100501,0,1,0,0,0,1,0,0,0,0,0,0,0,0,0,0,0,0,0,2024,10,5
FL,12,4,2024092301,0,0,0,0,0,1,0,0,0,0,0,0,0,0,0,0,0,0,0,2024,9,23
WA,53,10,2024072501,1,0,0,0,0,0,0,0,0,0,0,0,0,0,0,0,0,0,0,2024,7,17
FL,12,4,2024100501,0,0,0,0,0,1,0,0,0,0,0,0,0,0,0,0,0,0,0,2024,10,5
WV,54,3,2024092301,0,0,0,0,0,0,0,1,0,0,0,0,0,0,0,0,0,0,0,2024,9,25
KS,20,7,2017030601,1,0,0,0,0,0,0,0,0,0,0,0,0,0,0,0,0,0,0,2017,3,4
KS,20,7,2017081701,0,0,1,0,0,0,0,0,0,0,0,0,0,0,0,0,0,0,0,2017,7,22
OK,40,6,2012080601,1,0,0,0,0,0,0,0,0,0,0,0,0,0,0,0,0,0,0,2012,8,3
OK,40,6,2012080301,1,0,0,0,0,0,0,0,0,0,0,0,0,0,0,0,0,0,0,2012,8,3
OK,40,6,2012073101,1,0,0,0,0,0,0,0,0,0,0,0,0,0,0,0,0,0,0,2012,7,30
SD,46,8,2012072101,1,0,0,0,0,0,0,0,0,0,0,0,0,0,0,0,0,0,0,2012,7,19
WY,56,8,2012070302,1,0,0,0,0,0,0,0,0,0,0,0,0,0,0,0,0,0,0,2012,7,1
UT,49,8,2012070301,1,0,0,0,0,0,0,0,0,0,0,0,0,0,0,0,0,0,0,2012,7,2
WY,56,8,2012070202,1,0,0,0,0,0,0,0,0,0,0,0,0,0,0,0,0,0,0,2012,7,1
WY,56,8,2012063002,1,0,0,0,0,0,0,0,0,0,0,0,0,0,0,0,0,0,0,2012,6,29
UT,49,8,2012063001,1,0,0,0,0,0,0,0,0,0,0,0,0,0,0,0,0,0,0,2012,6,29
UT,49,8,2012062801,1,0,0,0,0,0,0,0,0,0,0,0,0,0,0,0,0,0,0,2012,6,27
MT,30,8,2012062703,1,0,0,0,0,0,0,0,0,0,0,0,0,0,0,0,0,0,0,2012,6,25
MT,30,8,2012062702,1,0,0,0,0,0,0,0,0,0,0,0,0,0,0,0,0,0,0,2012,6,26
MT,30,8,2012062701,1,0,0,0,0,0,0,0,0,0,0,0,0,0,0,0,0,0,0,2012,6,25
UT,49,8,2012062407,1,0,0,0,0,0,0,0,0,0,0,0,0,0,0,0,0,0,0,2012,6,24
CO,8,8,2012062406,1,0,0,0,0,0,0,0,0,0,0,0,0,0,0,0,0,0,0,2012,6,23
CO,8,8,2012062405,1,0,0,0,0,0,0,0,0,0,0,0,0,0,0,0,0,0,0,2012,6,23
UT,49,8,2012062201,1,0,0,0,0,0,0,0,0,0,0,0,0,0,0,0,0,0,0,2012,6,22
NM,35,6,2012062101,1,0,0,0,0,0,0,0,0,0,0,0,0,0,0,0,0,0,0,2012,6,20
NM,35,6,2012061901,1,0,0,0,0,0,0,0,0,0,0,0,0,0,0,0,0,0,0,2012,6,18
CO,8,8,2012061001,1,0,0,0,0,0,0,0,0,0,0,0,0,0,0,0,0,0,0,2012,6,9
NM,35,6,2012061101,1,0,0,0,0,0,0,0,0,0,0,0,0,0,0,0,0,0,0,2012,6,4
NM,35,6,2012052901,1,0,0,0,0,0,0,0,0,0,0,0,0,0,0,0,0,0,0,2012,5,23
NV,32,9,2012052202,1,0,0,0,0,0,0,0,0,0,0,0,0,0,0,0,0,0,0,2012,5,22
TX,48,6,2012050101,1,0,0,0,0,0,0,0,0,0,0,0,0,0,0,0,0,0,0,2012,4,24
CO,8,8,2012032701,1,0,0,0,0,0,0,0,0,0,0,0,0,0,0,0,0,0,0,2012,3,26
NV,32,9,2012011901,1,0,0,0,0,0,0,0,0,0,0,0,0,0,0,0,0,0,0,2012,1,19
ND,38,8,2024102302,1,0,0,1,0,0,0,0,0,0,0,0,0,0,0,0,0,0,0,2024,10,5
OR,41,10,2024100701,1,0,1,0,0,0,0,0,0,0,0,0,0,0,0,0,0,0,0,2024,7,10
OR,41,10,2017021001,0,0,1,0,0,0,0,0,0,0,0,0,0,0,0,0,0,0,0,2017,1,7
OK,40,6,2023021401,0,0,1,0,1,0,0,0,0,0,0,0,0,0,0,0,0,0,0,2022,12,21
GA,13,4,2024092301,0,0,0,0,0,1,0,1,0,0,0,0,0,0,0,0,0,0,0,2024,9,24
MT,30,8,2024091701,0,0,1,1,0,0,0,0,0,0,0,0,0,0,0,0,0,0,0,2024,8,6
GA,13,4,2024072801,0,0,0,0,0,1,0,1,0,0,0,0,0,0,0,0,0,0,0,2024,8,4
WY,56,8,2024093002,1,0,0,0,0,0,0,0,0,0,0,0,0,0,0,0,0,0,0,2024,9,28
WY,56,8,2024083001,1,0,0,0,0,0,0,0,0,0,0,0,0,0,0,0,0,0,0,2024,8,22
WY,56,8,2024073101,1,0,0,0,0,0,0,0,0,0,0,0,0,0,0,0,0,0,0,2024,7,30
UT,49,8,2024070701,1,0,0,0,0,0,0,0,0,0,0,0,0,0,0,0,0,0,0,2024,7,7
WY,56,8,2024030101,1,0,0,0,0,0,0,0,0,0,0,0,0,0,0,0,0,0,0,2024,3,1
CO,8,8,2024080102,1,0,0,0,0,0,0,0,0,0,0,0,0,0,0,0,0,0,0,2024,8,1
CO,8,8,2024073103,1,0,0,0,0,0,0,0,0,0,0,0,0,0,0,0,0,0,0,2024,7,30
CO,8,8,2024073102,1,0,0,0,0,0,0,0,0,0,0,0,0,0,0,0,0,0,0,2024,7,31
FL,12,4,2017042101,1,0,0,0,0,0,0,0,0,0,0,0,0,0,0,0,0,0,0,2017,4,20
ND,38,8,2024100602,1,0,0,0,0,0,0,0,0,0,0,0,0,0,0,0,0,0,0,2024,10,5
ND,38,8,2024100601,1,0,0,0,0,0,0,0,0,0,0,0,0,0,0,0,0,0,0,2024,10,5
OK,40,6,2017021302,1,0,0,0,0,0,0,0,0,0,0,0,0,0,0,0,0,0,0,2017,2,12
NV,32,9,2024111101,1,0,0,0,0,0,0,0,0,0,0,0,0,0,0,0,0,0,0,2024,11,11
NV,32,9,2024090801,1,0,0,0,0,0,0,0,0,0,0,0,0,0,0,0,0,0,0,2024,9,7
NV,32,9,2024081201,1,0,0,0,0,0,0,0,0,0,0,0,0,0,0,0,0,0,0,2024,8,11
NV,32,9,2024071701,1,0,0,0,0,0,0,0,0,0,0,0,0,0,0,0,0,0,0,2024,7,16
NV,32,9,2024061202,1,0,0,0,0,0,0,0,0,0,0,0,0,0,0,0,0,0,0,2024,6,11
NV,32,9,2024061201,1,0,0,0,0,0,0,0,0,0,0,0,0,0,0,0,0,0,0,2024,6,11
CA,6,9,2024121001,1,0,0,0,0,0,0,0,0,0,0,0,0,0,0,0,0,0,0,2024,12,10
CA,6,9,2024110602,1,0,0,0,0,0,0,0,0,0,0,0,0,0,0,0,0,0,0,2024,11,6
CA,6,9,2024091102,1,0,0,0,0,0,0,0,0,0,0,0,0,0,0,0,0,0,0,2024,9,11
CA,6,9,2024091101,1,0,0,0,0,0,0,0,0,0,0,0,0,0,0,0,0,0,0,2024,9,10
CA,6,9,2024090901,1,0,0,0,0,0,0,0,0,0,0,0,0,0,0,0,0,0,0,2024,9,8
CA,6,9,2024090802,1,0,0,0,0,0,0,0,0,0,0,0,0,0,0,0,0,0,0,2024,9,7
CA,6,9,2024072701,1,0,0,0,0,0,0,0,0,0,0,0,0,0,0,0,0,0,0,2024,7,25
CA,6,9,2024072502,1,0,0,0,0,0,0,0,0,0,0,0,0,0,0,0,0,0,0,2024,7,24
CA,6,9,2024072201,1,0,0,0,0,0,0,0,0,0,0,0,0,0,0,0,0,0,0,2024,7,21
CA,6,9,2024070501,1,0,0,0,0,0,0,0,0,0,0,0,0,0,0,0,0,0,0,2024,7,4
CA,6,9,2024070301,1,0,0,0,0,0,0,0,0,0,0,0,0,0,0,0,0,0,0,2024,7,2
KY,21,4,2016072904,0,0,1,0,0,0,0,0,0,0,0,0,0,0,0,0,0,0,0,2016,7,2
MT,30,8,2019041701,0,1,0,0,0,0,0,0,0,0,0,0,0,0,0,0,0,0,0,2019,3,20
OK,40,6,2015050803,0,0,1,0,0,0,0,0,0,0,0,0,0,0,0,0,0,0,0,2015,5,5
IL,17,5,2013111701,0,0,0,0,0,0,1,0,0,0,0,0,0,0,0,0,0,0,0,2013,11,17
MS,28,4,2013021001,0,0,1,0,0,0,0,0,0,0,0,0,0,0,0,0,0,0,0,2013,2,10
RI,44,1,2012102505,0,0,0,0,0,1,0,0,0,0,0,0,0,0,0,0,0,0,0,2012,10,26
RI,44,1,2021081902,0,0,0,0,0,1,0,0,0,0,0,0,0,0,0,0,0,0,0,2021,8,20
LA,22,6,2020091301,0,0,0,0,0,1,0,0,0,0,0,0,0,0,0,0,0,0,0,2020,9,13
GA,13,4,2024072801,0,0,0,0,0,1,0,1,0,0,0,0,0,0,0,0,0,0,0,2024,8,4
NC,37,4,2024092301,0,0,0,0,0,0,0,1,0,0,0,0,0,0,0,0,0,0,0,2024,9,25
MO,29,7,2020051301,0,0,1,0,0,0,0,0,0,0,0,0,0,0,0,0,0,0,0,2020,5,3
KS,20,7,2018102601,0,0,1,0,0,0,0,0,0,0,0,0,0,0,0,0,0,0,0,2018,10,4
OR,41,10,2018062201,1,0,0,0,0,0,0,0,0,0,0,0,0,0,0,0,0,0,0,2018,6,21
OK,40,6,2024110301,0,1,1,1,0,0,1,0,0,0,0,0,0,0,0,0,0,0,0,2024,11,2
SC,45,4,2024111401,0,1,1,0,0,0,0,0,0,0,0,0,0,0,0,0,0,0,0,2024,11,6
MO,29,7,2024111301,0,1,1,1,0,0,1,0,0,0,0,0,0,0,0,0,0,0,0,2024,11,3
KY,21,4,2024092301,0,1,1,1,0,1,0,1,1,0,0,0,0,0,0,0,0,0,0,2024,9,27
SD,46,8,2024082001,0,1,1,1,0,0,0,0,0,0,0,0,0,0,0,0,0,0,0,2024,7,13
NE,31,7,2024082901,0,1,1,1,0,0,1,0,0,0,0,0,0,0,0,0,0,0,0,2024,7,31
NC,37,4,2024100401,0,1,1,0,0,0,0,1,0,0,0,0,0,0,0,0,0,0,1,2024,9,16
SC,45,4,2024092301,0,1,0,0,0,1,1,1,1,0,0,0,0,0,0,0,0,0,0,2024,9,25
VT,50,1,2024080101,0,1,1,0,0,0,0,0,1,0,0,0,0,0,0,0,0,0,0,2024,7,29
NY,36,2,2024072801,0,1,1,0,0,1,0,1,0,0,0,0,0,0,0,0,0,0,1,2024,8,8
KS,20,7,2024080602,0,1,1,1,0,0,1,0,0,0,0,0,0,0,0,0,0,0,0,2024,6,26
NE,31,7,2024090501,0,1,1,1,0,0,1,0,0,0,0,0,0,0,0,0,0,0,0,2024,6,19
CT,9,1,2024081901,0,1,1,0,0,0,0,0,1,0,0,0,0,0,0,0,0,0,0,2024,8,18
IL,17,5,2024072503,0,1,1,1,0,0,1,0,0,0,0,0,0,0,0,0,0,0,0,2024,7,13
NY,36,2,2024072801,0,1,1,0,0,0,0,1,0,0,0,0,0,0,0,0,0,0,0,2024,8,8
LA,22,6,2024090902,0,0,1,0,0,1,1,0,0,0,0,0,0,0,0,0,0,0,0,2024,9,9
VT,50,1,2024062701,0,1,1,0,0,0,0,0,0,0,0,0,0,0,0,0,0,0,0,2024,8,22
NY,36,2,2024071902,0,1,1,0,0,1,1,1,0,0,0,0,0,0,0,0,0,0,0,2024,7,10
NH,33,1,2024071002,0,1,1,0,0,0,0,0,0,0,0,0,0,0,0,0,0,0,0,2024,7,10
KS,20,7,2024070201,0,1,1,1,0,0,1,0,0,0,0,0,0,0,0,0,0,0,0,2024,5,19
VT,50,1,2024071002,0,1,1,0,0,0,0,0,1,0,0,0,0,0,0,0,0,0,0,2024,7,9
NM,35,6,2024080603,0,1,1,0,0,0,0,0,0,0,0,0,0,0,0,0,0,0,0,2024,6,20
NE,31,7,2024061303,0,1,1,1,0,0,1,0,0,0,0,0,0,0,0,0,0,0,0,2024,5,20
SD,46,8,2024062501,0,1,1,1,0,0,0,0,0,0,0,0,0,0,0,0,0,0,0,2024,6,16
KY,21,4,2024052701,0,0,1,1,0,0,1,0,1,0,0,0,0,0,0,0,0,0,0,2024,5,21
MO,29,7,2024053001,0,1,1,1,0,0,1,0,0,0,0,0,0,0,0,0,0,0,0,2024,5,19
MT,30,8,2024052802,0,1,1,0,1,0,0,0,0,0,0,0,0,0,0,0,0,0,0,2024,5,6
KS,20,7,2024052803,0,1,1,1,0,0,1,0,0,0,0,0,0,0,0,0,0,0,0,2024,4,25
NH,33,1,2024040401,0,1,1,0,1,0,0,0,0,0,0,0,0,0,0,0,0,0,0,2024,4,3
MN,27,5,2024062801,0,1,1,0,0,0,0,0,0,0,0,0,0,0,0,0,0,0,0,2024,6,16
IA,19,7,2024062201,0,1,1,0,0,0,0,0,0,0,0,0,0,0,0,0,0,1,0,2024,6,16
FL,12,4,2024051201,0,1,1,1,0,0,1,0,0,0,0,0,0,0,0,0,0,0,0,2024,5,10
TN,47,4,2024051201,0,1,1,1,0,0,1,0,0,0,0,0,0,0,0,0,0,0,0,2024,5,8
OK,40,6,2024052402,0,1,1,1,0,0,1,0,0,0,0,0,0,0,0,0,0,0,0,2024,5,19
MS,28,4,2024051201,0,0,1,1,0,0,1,0,0,0,0,0,0,0,0,0,0,0,0,2024,4,8
ID,16,10,2024050301,0,1,1,0,0,0,0,0,1,0,0,0,0,0,0,0,0,0,0,2024,4,14
AR,5,6,2024052402,0,1,1,1,0,0,1,0,0,0,0,0,0,0,0,0,0,0,0,2024,5,24
WV,54,3,2024050201,0,1,1,0,0,0,0,0,1,0,0,0,0,0,0,0,0,0,0,2024,4,11
IA,19,7,2024052102,0,1,1,0,0,0,1,0,0,0,0,0,0,0,0,0,0,0,0,2024,5,20
WV,54,3,2024041201,0,1,1,1,0,0,1,0,1,0,0,0,0,0,0,0,0,0,0,2024,4,2
KY,21,4,2024040301,0,0,1,1,0,0,1,0,1,0,0,0,0,0,0,0,0,0,0,2024,4,2
MA,25,1,2023091401,0,1,1,0,0,0,0,0,0,0,0,0,0,0,0,0,0,0,0,2023,9,11
OK,40,6,2024042701,0,1,1,1,0,0,1,0,0,0,0,0,0,0,0,0,0,0,0,2024,4,25
CA,6,9,2024013101,0,1,1,0,0,0,0,0,0,0,0,0,0,0,0,0,0,0,0,2024,1,31
NH,33,1,2024010901,0,1,1,0,0,0,0,0,0,0,0,0,0,0,0,0,0,0,0,2024,1,9
CA,6,9,2024013101,0,1,1,0,1,0,1,0,1,0,0,0,0,0,0,0,0,0,0,2024,1,31
RI,44,1,2023121901,0,1,1,0,0,0,0,0,0,0,0,0,0,0,0,0,0,0,0,2023,12,17
ME,23,1,2024010901,0,1,1,0,0,0,0,0,0,0,0,0,0,0,0,0,0,0,0,2024,1,9
VT,50,1,2023121901,0,1,1,0,0,0,0,0,0,0,0,0,0,0,0,0,0,0,0,2023,12,18
NH,33,1,2023121901,0,1,1,0,0,0,0,0,0,0,0,0,0,0,0,0,0,0,0,2023,12,17
CA,6,9,2024020801,0,1,1,0,0,0,0,0,0,0,0,0,0,0,0,0,0,0,0,2024,1,21
MI,26,5,2023091201,0,1,1,0,0,0,1,0,0,0,0,0,0,0,0,0,0,0,0,2023,8,24
WV,54,3,2023091301,0,1,1,0,0,0,0,0,1,0,0,0,0,0,0,0,0,0,0,2023,8,28
NY,36,2,2023111002,0,1,1,0,0,0,0,0,0,0,0,0,0,0,0,0,0,0,0,2023,9,28
ME,23,1,2023121901,0,1,1,0,0,0,0,0,0,0,0,0,0,0,0,0,0,0,0,2023,12,17
RI,44,1,2023101201,0,1,1,0,0,0,1,0,0,0,0,0,0,0,0,0,0,0,0,2023,9,10
TN,47,4,2023121001,0,0,1,0,0,0,1,0,0,0,0,0,0,0,0,0,0,0,0,2023,12,9
CA,6,9,2023081703,0,1,0,0,0,1,0,1,1,0,0,0,0,0,0,0,0,0,0,2023,8,19
IL,17,5,2023100601,0,1,1,0,0,0,0,0,0,0,0,0,0,0,0,0,1,0,0,2023,9,17
AR,5,6,2023082201,0,0,1,1,0,0,1,0,0,0,0,0,0,0,0,0,0,0,0,2023,6,25
KS,20,7,2023081102,0,1,1,1,0,0,1,0,0,0,0,0,0,0,0,0,0,0,0,2023,7,14
CA,6,9,2023081703,0,1,0,0,0,0,0,1,1,0,0,0,0,0,0,0,0,0,0,2023,8,19
VT,50,1,2023082301,0,1,1,0,0,0,0,0,0,0,0,0,0,0,0,0,0,0,0,2023,8,3
CA,6,9,2023081703,0,1,1,0,0,1,0,1,1,0,0,0,0,0,0,0,0,0,0,2023,8,19
TN,47,4,2023081801,0,0,1,1,0,0,1,0,0,0,0,0,0,0,0,0,0,0,0,2023,8,7
MO,29,7,2023081101,0,1,1,0,0,0,1,0,0,0,0,0,0,0,0,0,0,0,0,2023,7,29
NH,33,1,2023072402,0,1,1,0,0,0,0,0,0,0,0,0,0,0,0,0,0,0,0,2023,7,9
GA,13,4,2023082403,0,1,1,1,0,1,1,1,0,0,0,0,0,0,0,0,0,0,0,2023,8,30
ME,23,1,2023072403,0,1,1,0,0,0,0,0,0,0,0,0,0,0,0,0,0,0,0,2023,6,26
ME,23,1,2023071701,0,1,1,0,0,0,0,0,0,0,0,0,0,0,0,0,0,0,0,2023,6,29
FL,12,4,2023082403,0,0,1,0,0,1,0,1,0,0,0,0,0,0,0,0,0,0,0,2023,8,27
OR,41,10,2023071703,0,1,1,0,0,0,0,0,1,0,0,0,0,0,0,0,0,0,0,2023,6,11
CO,8,8,2023072701,0,1,1,0,0,0,1,0,0,0,0,0,0,0,0,0,0,0,0,2023,6,8
IL,17,5,2023072001,0,1,1,0,0,0,0,0,0,0,0,0,0,0,0,0,0,0,0,2023,6,29
MS,28,4,2023061401,0,0,1,1,0,0,1,0,0,0,0,0,0,0,0,0,0,0,0,2023,6,14
NY,36,2,2023071401,0,1,1,0,0,0,0,0,0,0,0,0,0,0,0,0,0,0,0,2023,7,9
MN,27,5,2023051001,0,1,1,0,0,0,0,0,0,0,0,0,0,0,0,0,0,0,0,2023,4,11
OK,40,6,2023061402,0,0,1,1,0,0,1,0,0,0,0,0,0,0,0,0,0,0,0,2023,6,14
VT,50,1,2023071001,0,1,1,0,0,0,0,0,0,0,0,0,0,0,0,0,0,0,0,2023,7,7
CA,6,9,2023042502,0,1,1,0,0,0,0,0,0,0,0,0,0,0,0,0,0,0,0,2023,3,11
CA,6,9,2023042501,0,1,1,0,0,0,0,0,0,0,0,0,0,0,0,0,0,0,0,2023,2,23
TN,47,4,2023022801,0,0,1,1,0,0,1,0,0,0,0,0,0,0,0,0,0,0,0,2023,3,1
KY,21,4,2023030102,0,1,1,1,0,0,0,0,1,0,0,0,0,0,0,0,0,0,0,2023,2,15
AL,1,4,2023032302,0,0,1,1,0,0,1,0,0,0,0,0,0,0,0,0,0,0,0,2023,3,24
FL,12,4,2023041601,0,1,1,0,0,0,1,0,0,0,0,0,0,0,0,0,0,0,0,2023,4,12
NV,32,9,2023031201,0,1,1,0,1,0,0,0,1,0,0,0,0,0,0,0,0,0,0,2023,3,8
IN,18,5,2023041003,0,1,1,1,0,0,1,0,0,0,0,0,0,0,0,0,0,0,0,2023,3,31
AZ,4,9,2023032303,0,1,1,0,1,0,0,0,0,1,0,0,0,0,0,0,0,0,0,2023,1,14
KY,21,4,2023022801,0,1,1,1,0,0,1,0,1,0,0,0,0,0,0,0,0,0,0,2023,3,3
TN,47,4,2023033001,0,0,1,1,0,0,1,0,0,0,0,0,0,0,0,0,0,0,0,2023,3,31
CA,6,9,2023030901,0,1,1,1,1,0,0,0,1,0,0,1,0,0,0,0,0,0,0,2023,2,21
AR,5,6,2023033002,0,0,1,0,0,0,1,0,0,0,0,0,0,0,0,0,0,0,0,2023,3,31
MS,28,4,2023032302,0,0,1,1,0,0,1,0,0,0,0,0,0,0,0,0,0,0,0,2023,3,24
NH,33,1,2022122102,0,1,1,0,0,0,0,0,0,0,0,0,0,0,0,0,0,0,0,2022,12,22
TN,47,4,2023011701,0,0,0,0,1,0,0,0,0,0,0,1,0,1,0,0,0,0,0,2022,12,22
GA,13,4,2023011301,0,0,1,1,0,0,1,0,0,0,0,0,0,0,0,0,0,0,0,2023,1,12
AL,1,4,2023011301,0,0,1,1,0,0,1,0,0,0,0,0,0,0,0,0,0,0,0,2023,1,12
CA,6,9,2023010401,0,1,1,0,1,0,0,0,1,0,0,0,0,0,0,0,0,0,0,2022,12,27
WA,53,10,2022120601,0,1,1,1,1,0,0,0,1,0,0,0,0,0,0,0,0,0,0,2022,11,3
WV,54,3,2022081601,0,1,1,0,0,0,0,0,1,0,0,0,0,0,0,0,0,0,0,2022,8,14
WV,54,3,2022082401,0,1,1,0,0,0,0,0,1,0,0,0,0,0,0,0,0,0,0,2022,7,12
NM,35,6,2022050302,1,1,0,0,0,0,0,0,1,0,0,0,0,0,0,0,0,0,0,2022,4,5
TN,47,4,2024092301,0,1,1,0,0,0,0,1,0,0,0,0,0,0,0,0,0,0,0,2024,9,26
SC,45,4,2024092301,0,1,0,0,0,1,1,1,1,0,0,0,0,0,0,0,0,0,0,2024,9,25
AL,1,4,2024092301,0,0,1,0,0,1,1,1,0,0,0,0,0,0,0,0,0,0,0,2024,9,22
NC,37,4,2024092301,0,1,1,0,0,1,0,1,1,0,0,0,0,0,0,0,0,0,1,2024,9,25
LA,22,6,2024090902,0,0,1,0,0,1,1,1,0,0,0,0,0,0,0,0,0,0,0,2024,9,10
NY,36,2,2024082401,0,1,1,0,0,0,0,0,0,0,0,0,0,0,0,0,0,0,0,2024,8,18
CT,9,1,2024081901,0,1,1,0,0,0,0,0,1,0,0,0,0,0,0,0,0,0,0,2024,8,18
FL,12,4,2024072801,0,1,1,1,0,0,1,1,0,0,1,0,0,0,0,0,0,0,1,2024,8,1
CT,9,1,2024011201,0,1,1,0,0,0,0,0,0,0,0,0,0,0,0,0,0,0,0,2024,1,10
CA,6,9,2023030901,0,1,1,0,0,0,0,0,1,1,0,0,0,0,0,0,0,0,0,2023,3,9
CA,6,9,2023010401,0,1,1,0,1,0,0,0,1,0,0,0,0,0,0,0,0,0,0,2023,1,8
NY,36,2,2022122601,0,1,0,0,1,0,0,0,0,1,0,0,0,0,0,0,0,0,0,2022,12,23
